#2026 05 08 08:55:13.498#Z#INFO#a05cc58a-4abb-11f1-b3e9-eeee0a988dc4.OPERATION#http-nio-0.0.0.0-8080-exec-6#
[XS2StartProcessListener] Operation ID: a05cc58a-4abb-11f1-b3e9-eeee0a988dc4#
#2026 05 08 08:55:13.527#Z#DEBUG#a05cc58a-4abb-11f1-b3e9-eeee0a988dc4.OPERATION#http-nio-0.0.0.0-8080-exec-6#
[XS2StartProcessListener] Process environment: {
  "SKIP_SSL_VALIDATION" : "false",
  "FLOWABLE_JOB_EXECUTOR_MAX_THREADS" : "32",
  "VERSION" : "2.44.3",
  "BASIC_AUTH_ENABLED" : "true",
  "FLOWABLE_JOB_EXECUTOR_QUEUE_CAPACITY" : "16",
  "FLOWABLE_JOB_EXECUTOR_CORE_THREADS" : "8"
}#
#2026 05 08 08:55:13.527#Z#DEBUG#a05cc58a-4abb-11f1-b3e9-eeee0a988dc4.OPERATION#http-nio-0.0.0.0-8080-exec-6#
[XS2StartProcessListener] Current user: sharanya.parol@incture.com#
#2026 05 08 08:55:13.527#Z#DEBUG#a05cc58a-4abb-11f1-b3e9-eeee0a988dc4.OPERATION#http-nio-0.0.0.0-8080-exec-6#
[XS2StartProcessListener] Client space: dev#
#2026 05 08 08:55:13.527#Z#DEBUG#a05cc58a-4abb-11f1-b3e9-eeee0a988dc4.OPERATION#http-nio-0.0.0.0-8080-exec-6#
[XS2StartProcessListener] Client organization: bc857718trial#
#2026 05 08 08:55:13.527#Z#INFO#a05cc58a-4abb-11f1-b3e9-eeee0a988dc4.OPERATION#http-nio-0.0.0.0-8080-exec-6#
[XS2StartProcessListener] Process variables: {
  "keepFiles" : false,
  "skipAppDigestCalculation" : false,
  "abortOnError" : false,
  "mtaId" : "travel_expense_app",
  "noFailOnMissingPermissions" : false,
  "isSecurityEnabled" : false,
  "apiRequestPath" : "https://deploy-service.cf.us10-001.hana.ondemand.com/api/v1/spaces/b3040adf-9a0c-491b-b2f3-ae2e732cc19f/operations",
  "deleteServiceBrokers" : false,
  "appArchiveId" : "7f4bc871-53c0-43a8-a778-284fc2e03087",
  "isDisposableUserProvidedServiceEnabled" : false,
  "deleteServiceKeys" : false,
  "noRestartSubscribedApps" : false,
  "noStart" : false,
  "deleteServices" : false
}#
#2026 05 08 08:55:13.592#Z#DEBUG#a05cc58a-4abb-11f1-b3e9-eeee0a988dc4.OPERATION#flowable-async-job-executor-thread-1646#
[ValidateDeployParametersStep] Executing task "validateParametersTask" of process "a05cc5b0-4abb-11f1-b3e9-eeee0a988dc4"...#
#2026 05 08 08:55:13.592#Z#DEBUG#a05cc58a-4abb-11f1-b3e9-eeee0a988dc4.OPERATION#flowable-async-job-executor-thread-1646#
[ValidateDeployParametersStep] Validating parameters...#
#2026 05 08 08:55:13.596#Z#INFO#a05cc58a-4abb-11f1-b3e9-eeee0a988dc4.OPERATION#flowable-async-job-executor-thread-1646#
[ValidateDeployParametersStep] Size of mtars is 10,670,908 and size of extension descriptors is 0#
#2026 05 08 08:55:13.755#Z#INFO#a05cc58a-4abb-11f1-b3e9-eeee0a988dc4.OPERATION#flowable-async-job-executor-thread-1646#
[ValidateDeployParametersStep] Archive was not split! Total size in bytes: 10,670,908#
#2026 05 08 08:55:13.755#Z#INFO#a05cc58a-4abb-11f1-b3e9-eeee0a988dc4.OPERATION#flowable-async-job-executor-thread-1646#
[ValidateDeployParametersStep] Deploying in org "bc857718trial" and space "dev"#
#2026 05 08 08:55:13.765#Z#DEBUG#a05cc58a-4abb-11f1-b3e9-eeee0a988dc4.OPERATION#flowable-async-job-executor-thread-1646#
[ValidateDeployParametersStep] Parameters validated#
#2026 05 08 08:55:13.765#Z#DEBUG#a05cc58a-4abb-11f1-b3e9-eeee0a988dc4.OPERATION#flowable-async-job-executor-thread-1646#
Step "Validate Parameters" finished#
#2026 05 08 08:55:13.812#Z#DEBUG#a05cc58a-4abb-11f1-b3e9-eeee0a988dc4.OPERATION#flowable-async-job-executor-thread-1647#
[DeleteRemainingFileParts] Executing task "deleteRemainingFileParts" of process "a05cc5b0-4abb-11f1-b3e9-eeee0a988dc4"...#
#2026 05 08 08:55:13.813#Z#DEBUG#a05cc58a-4abb-11f1-b3e9-eeee0a988dc4.OPERATION#flowable-async-job-executor-thread-1647#
Step "Delete Remaining File Parts" finished#
#2026 05 08 08:55:13.855#Z#DEBUG#a05cc58a-4abb-11f1-b3e9-eeee0a988dc4.OPERATION#flowable-async-job-executor-thread-1648#
[XS2ProcessMtaArchiveStep] Executing task "processArchiveTask" of process "a05cc5b0-4abb-11f1-b3e9-eeee0a988dc4"...#
#2026 05 08 08:55:13.857#Z#DEBUG#a05cc58a-4abb-11f1-b3e9-eeee0a988dc4.OPERATION#flowable-async-job-executor-thread-1648#
[XS2ProcessMtaArchiveStep] Processing MTA archive...#
#2026 05 08 08:55:13.857#Z#DEBUG#a05cc58a-4abb-11f1-b3e9-eeee0a988dc4.OPERATION#flowable-async-job-executor-thread-1648#
[XS2ProcessMtaArchiveStep] MTA Archive ID: 7f4bc871-53c0-43a8-a778-284fc2e03087#
#2026 05 08 08:55:14.268#Z#DEBUG#a05cc58a-4abb-11f1-b3e9-eeee0a988dc4.OPERATION#flowable-async-job-executor-thread-1648#
[XS2ProcessMtaArchiveStep] MTA Descriptor length: 3,407#
#2026 05 08 08:55:14.268#Z#DEBUG#a05cc58a-4abb-11f1-b3e9-eeee0a988dc4.OPERATION#flowable-async-job-executor-thread-1648#
[XS2ProcessMtaArchiveStep] MTA Archive Modules: [travel_expense_app, travel_expense_app-srv, travel_expense_app-db-deployer, travel_expense_app-app-deployer]#
#2026 05 08 08:55:14.268#Z#DEBUG#a05cc58a-4abb-11f1-b3e9-eeee0a988dc4.OPERATION#flowable-async-job-executor-thread-1648#
[XS2ProcessMtaArchiveStep] MTA Archive Requires: []#
#2026 05 08 08:55:14.268#Z#DEBUG#a05cc58a-4abb-11f1-b3e9-eeee0a988dc4.OPERATION#flowable-async-job-executor-thread-1648#
[XS2ProcessMtaArchiveStep] MTA Archive Resources: [xsuaa-service]#
#2026 05 08 08:55:14.281#Z#DEBUG#a05cc58a-4abb-11f1-b3e9-eeee0a988dc4.OPERATION#flowable-async-job-executor-thread-1648#
[XS2ProcessMtaArchiveStep] MTA archive processed#
#2026 05 08 08:55:14.281#Z#DEBUG#a05cc58a-4abb-11f1-b3e9-eeee0a988dc4.OPERATION#flowable-async-job-executor-thread-1648#
Step "Process Archive" finished#
#2026 05 08 08:55:14.338#Z#DEBUG#a05cc58a-4abb-11f1-b3e9-eeee0a988dc4.OPERATION#flowable-async-job-executor-thread-1649#
[ProcessMtaExtensionDescriptorsStep] Executing task "processExtensionDescriptorsTask" of process "a05cc5b0-4abb-11f1-b3e9-eeee0a988dc4"...#
#2026 05 08 08:55:14.339#Z#DEBUG#a05cc58a-4abb-11f1-b3e9-eeee0a988dc4.OPERATION#flowable-async-job-executor-thread-1649#
[ProcessMtaExtensionDescriptorsStep] Processing MTA extension descriptors...#
#2026 05 08 08:55:14.342#Z#DEBUG#a05cc58a-4abb-11f1-b3e9-eeee0a988dc4.OPERATION#flowable-async-job-executor-thread-1649#
[ProcessMtaExtensionDescriptorsStep] Provided extension descriptors: [ ]#
#2026 05 08 08:55:14.342#Z#DEBUG#a05cc58a-4abb-11f1-b3e9-eeee0a988dc4.OPERATION#flowable-async-job-executor-thread-1649#
[ProcessMtaExtensionDescriptorsStep] No extension descriptors in use#
#2026 05 08 08:55:14.342#Z#DEBUG#a05cc58a-4abb-11f1-b3e9-eeee0a988dc4.OPERATION#flowable-async-job-executor-thread-1649#
[ProcessMtaExtensionDescriptorsStep] MTA extension descriptors processed#
#2026 05 08 08:55:14.342#Z#DEBUG#a05cc58a-4abb-11f1-b3e9-eeee0a988dc4.OPERATION#flowable-async-job-executor-thread-1649#
Step "Process Extension Descriptors" finished#
#2026 05 08 08:55:14.388#Z#DEBUG#a05cc58a-4abb-11f1-b3e9-eeee0a988dc4.OPERATION#flowable-async-job-executor-thread-1650#
[XS2DetectMtaSchemaVersionStep] Executing task "detectSchemaVersionTask" of process "a05cc5b0-4abb-11f1-b3e9-eeee0a988dc4"...#
#2026 05 08 08:55:14.389#Z#DEBUG#a05cc58a-4abb-11f1-b3e9-eeee0a988dc4.OPERATION#flowable-async-job-executor-thread-1650#
[XS2DetectMtaSchemaVersionStep] Detecting MTA major schema version...#
#2026 05 08 08:55:14.393#Z#INFO#a05cc58a-4abb-11f1-b3e9-eeee0a988dc4.OPERATION#flowable-async-job-executor-thread-1650#
[XS2DetectMtaSchemaVersionStep] Detected MTA schema version: "3"#
#2026 05 08 08:55:14.399#Z#DEBUG#a05cc58a-4abb-11f1-b3e9-eeee0a988dc4.OPERATION#flowable-async-job-executor-thread-1650#
Step "Detect Schema Version" finished#
#2026 05 08 08:55:14.443#Z#DEBUG#a05cc58a-4abb-11f1-b3e9-eeee0a988dc4.OPERATION#flowable-async-job-executor-thread-1643#
[MergeDescriptorsStep] Executing task "mergeDescriptorsTask" of process "a05cc5b0-4abb-11f1-b3e9-eeee0a988dc4"...#
#2026 05 08 08:55:14.445#Z#DEBUG#a05cc58a-4abb-11f1-b3e9-eeee0a988dc4.OPERATION#flowable-async-job-executor-thread-1643#
[MergeDescriptorsStep] Validating and merging descriptors...#
#2026 05 08 08:55:14.450#Z#DEBUG#a05cc58a-4abb-11f1-b3e9-eeee0a988dc4.OPERATION#flowable-async-job-executor-thread-1643#
[MergeDescriptorsStep] Merged deployment descriptor: {
  "majorSchemaVersion" : 3,
  "schemaVersion" : "3.3.0",
  "id" : "travel_expense_app",
  "version" : "1.0.0",
  "modules" : [ {
    "majorSchemaVersion" : 3,
    "name" : "travel_expense_app-srv",
    "type" : "javascript.nodejs",
    "path" : "travel_expense_app-srv",
    "properties" : { },
    "parameters" : {
      "buildpack" : "nodejs_buildpack",
      "instances" : 1
    },
    "requiredDependencies" : [ {
      "majorSchemaVersion" : 3,
      "name" : "travel_expense_app-db",
      "properties" : { },
      "parameters" : { },
      "propertiesMetadata" : {
        "metadata" : { }
      },
      "parametersMetadata" : {
        "metadata" : { }
      }
    }, {
      "majorSchemaVersion" : 3,
      "name" : "travel_expense_app-destination",
      "properties" : { },
      "parameters" : { },
      "propertiesMetadata" : {
        "metadata" : { }
      },
      "parametersMetadata" : {
        "metadata" : { }
      }
    } ],
    "providedDependencies" : [ {
      "majorSchemaVersion" : 3,
      "name" : "srv-api",
      "isPublic" : false,
      "properties" : {
        "srv-url" : "${default-url}"
      },
      "parameters" : { },
      "propertiesMetadata" : {
        "metadata" : { }
      },
      "parametersMetadata" : {
        "metadata" : { }
      }
    }, {
      "majorSchemaVersion" : 3,
      "name" : "travel_expense_app-srv",
      "isPublic" : false,
      "properties" : { },
      "parameters" : { },
      "propertiesMetadata" : {
        "metadata" : { }
      },
      "parametersMetadata" : {
        "metadata" : { }
      }
    } ],
    "propertiesMetadata" : {
      "metadata" : { }
    },
    "parametersMetadata" : {
      "metadata" : { }
    },
    "hooks" : [ ]
  }, {
    "majorSchemaVersion" : 3,
    "name" : "travel_expense_app-db-deployer",
    "type" : "com.sap.xs.hdi",
    "path" : "travel_expense_app-db-deployer",
    "properties" : {
      "EXIT" : 1
    },
    "parameters" : {
      "memory" : "256M",
      "buildpack" : "nodejs_buildpack",
      "no-route" : true,
      "dependency-type" : "hard",
      "tasks" : [ {
        "name" : "deploy",
        "memory" : "256M",
        "command" : "npm start"
      } ],
      "no-start" : true
    },
    "requiredDependencies" : [ {
      "majorSchemaVersion" : 3,
      "name" : "travel_expense_app-db",
      "properties" : { },
      "parameters" : { },
      "propertiesMetadata" : {
        "metadata" : { }
      },
      "parametersMetadata" : {
        "metadata" : { }
      }
    } ],
    "providedDependencies" : [ {
      "majorSchemaVersion" : 3,
      "name" : "travel_expense_app-db-deployer",
      "isPublic" : false,
      "properties" : { },
      "parameters" : { },
      "propertiesMetadata" : {
        "metadata" : { }
      },
      "parametersMetadata" : {
        "metadata" : { }
      }
    } ],
    "propertiesMetadata" : {
      "metadata" : { }
    },
    "parametersMetadata" : {
      "metadata" : { }
    },
    "hooks" : [ ]
  }, {
    "majorSchemaVersion" : 3,
    "name" : "travel_expense_app",
    "type" : "javascript.nodejs",
    "path" : "travel_expense_app",
    "properties" : { },
    "parameters" : {
      "disk-quota" : "256M",
      "keep-existing-routes" : true,
      "memory" : "256M"
    },
    "requiredDependencies" : [ {
      "majorSchemaVersion" : 3,
      "name" : "srv-api",
      "group" : "destinations",
      "properties" : {
        "name" : "srv-api",
        "forwardAuthToken" : "********",
        "url" : "~{srv-url}"
      },
      "parameters" : { },
      "propertiesMetadata" : {
        "metadata" : { }
      },
      "parametersMetadata" : {
        "metadata" : { }
      }
    }, {
      "majorSchemaVersion" : 3,
      "name" : "travel_expense_app-html5-runtime",
      "properties" : { },
      "parameters" : { },
      "propertiesMetadata" : {
        "metadata" : { }
      },
      "parametersMetadata" : {
        "metadata" : { }
      }
    }, {
      "majorSchemaVersion" : 3,
      "name" : "xsuaa-service",
      "properties" : { },
      "parameters" : { },
      "propertiesMetadata" : {
        "metadata" : { }
      },
      "parametersMetadata" : {
        "metadata" : { }
      }
    } ],
    "providedDependencies" : [ {
      "majorSchemaVersion" : 3,
      "name" : "app-api",
      "isPublic" : false,
      "properties" : {
        "app-protocol" : "${protocol}",
        "app-uri" : "${default-uri}"
      },
      "parameters" : { },
      "propertiesMetadata" : {
        "metadata" : { }
      },
      "parametersMetadata" : {
        "metadata" : { }
      }
    }, {
      "majorSchemaVersion" : 3,
      "name" : "travel_expense_app",
      "isPublic" : false,
      "properties" : { },
      "parameters" : { },
      "propertiesMetadata" : {
        "metadata" : { }
      },
      "parametersMetadata" : {
        "metadata" : { }
      }
    } ],
    "propertiesMetadata" : {
      "metadata" : { }
    },
    "parametersMetadata" : {
      "metadata" : { }
    },
    "hooks" : [ ]
  }, {
    "majorSchemaVersion" : 3,
    "name" : "travel_expense_app-app-deployer",
    "type" : "com.sap.application.content",
    "path" : "travel_expense_app-app-deployer",
    "properties" : { },
    "parameters" : { },
    "requiredDependencies" : [ {
      "majorSchemaVersion" : 3,
      "name" : "srv-api",
      "properties" : { },
      "parameters" : { },
      "propertiesMetadata" : {
        "metadata" : { }
      },
      "parametersMetadata" : {
        "metadata" : { }
      }
    }, {
      "majorSchemaVersion" : 3,
      "name" : "travel_expense_app-html5-repo-host",
      "properties" : { },
      "parameters" : {
        "config" : {
          "HTML5Runtime_enabled" : true
        },
        "content-target" : true
      },
      "propertiesMetadata" : {
        "metadata" : { }
      },
      "parametersMetadata" : {
        "metadata" : { }
      }
    } ],
    "providedDependencies" : [ {
      "majorSchemaVersion" : 3,
      "name" : "travel_expense_app-app-deployer",
      "isPublic" : false,
      "properties" : { },
      "parameters" : { },
      "propertiesMetadata" : {
        "metadata" : { }
      },
      "parametersMetadata" : {
        "metadata" : { }
      }
    } ],
    "propertiesMetadata" : {
      "metadata" : { }
    },
    "parametersMetadata" : {
      "metadata" : { }
    },
    "hooks" : [ ]
  }, {
    "majorSchemaVersion" : 3,
    "name" : "travel_expense_app-destinations",
    "type" : "com.sap.application.content",
    "properties" : { },
    "parameters" : {
      "content" : {
        "instance" : {
          "destinations" : [ {
            "Name" : "travel_expense_app-html5-repository",
            "ServiceInstanceName" : "travel_expense_app-html5-repo-host",
            "ServiceKeyName" : "********",
            "sap.cloud.service" : "travel_expense_app.service"
          } ],
          "existing_destinations_policy" : "update"
        }
      }
    },
    "requiredDependencies" : [ {
      "majorSchemaVersion" : 3,
      "name" : "travel_expense_app-html5-repo-host",
      "properties" : { },
      "parameters" : {
        "service-key" : "********"
      },
      "propertiesMetadata" : {
        "metadata" : { }
      },
      "parametersMetadata" : {
        "metadata" : { }
      }
    }, {
      "majorSchemaVersion" : 3,
      "name" : "srv-api",
      "properties" : { },
      "parameters" : { },
      "propertiesMetadata" : {
        "metadata" : { }
      },
      "parametersMetadata" : {
        "metadata" : { }
      }
    }, {
      "majorSchemaVersion" : 3,
      "name" : "travel_expense_app-destination",
      "properties" : { },
      "parameters" : {
        "content-target" : true
      },
      "propertiesMetadata" : {
        "metadata" : { }
      },
      "parametersMetadata" : {
        "metadata" : { }
      }
    } ],
    "providedDependencies" : [ {
      "majorSchemaVersion" : 3,
      "name" : "travel_expense_app-destinations",
      "isPublic" : false,
      "properties" : { },
      "parameters" : { },
      "propertiesMetadata" : {
        "metadata" : { }
      },
      "parametersMetadata" : {
        "metadata" : { }
      }
    } ],
    "propertiesMetadata" : {
      "metadata" : { }
    },
    "parametersMetadata" : {
      "metadata" : { }
    },
    "hooks" : [ ]
  } ],
  "resources" : [ {
    "majorSchemaVersion" : 3,
    "name" : "travel_expense_app-db",
    "type" : "com.sap.xs.hdi-container",
    "properties" : { },
    "parameters" : {
      "type" : "managed-service",
      "service" : "hana",
      "service-plan" : "hdi-shared"
    },
    "isActive" : true,
    "isOptional" : false,
    "propertiesMetadata" : {
      "metadata" : { }
    },
    "parametersMetadata" : {
      "metadata" : { }
    },
    "requiredDependencies" : [ ],
    "processedAfter" : [ ]
  }, {
    "majorSchemaVersion" : 3,
    "name" : "travel_expense_app-destination",
    "type" : "org.cloudfoundry.managed-service",
    "properties" : { },
    "parameters" : {
      "service-plan" : "lite",
      "type" : "managed-service",
      "config" : {
        "HTML5Runtime_enabled" : true,
        "init_data" : {
          "instance" : {
            "destinations" : [ {
              "Authentication" : "********",
              "HTML5.DynamicDestination" : true,
              "HTML5.ForwardAuthToken" : "********",
              "Name" : "srv-api",
              "ProxyType" : "Internet",
              "Type" : "HTTP",
              "URL" : "~{srv-api/srv-url}"
            } ],
            "existing_destinations_policy" : "update"
          }
        }
      },
      "service" : "destination"
    },
    "isActive" : true,
    "isOptional" : false,
    "propertiesMetadata" : {
      "metadata" : { }
    },
    "parametersMetadata" : {
      "metadata" : { }
    },
    "requiredDependencies" : [ {
      "majorSchemaVersion" : 3,
      "name" : "srv-api",
      "properties" : { },
      "parameters" : { },
      "propertiesMetadata" : {
        "metadata" : { }
      },
      "parametersMetadata" : {
        "metadata" : { }
      }
    } ],
    "processedAfter" : [ ]
  }, {
    "majorSchemaVersion" : 3,
    "name" : "travel_expense_app-html5-repo-host",
    "type" : "org.cloudfoundry.managed-service",
    "properties" : { },
    "parameters" : {
      "type" : "managed-service",
      "service" : "html5-apps-repo",
      "service-plan" : "app-host"
    },
    "isActive" : true,
    "isOptional" : false,
    "propertiesMetadata" : {
      "metadata" : { }
    },
    "parametersMetadata" : {
      "metadata" : { }
    },
    "requiredDependencies" : [ ],
    "processedAfter" : [ ]
  }, {
    "majorSchemaVersion" : 3,
    "name" : "travel_expense_app-html5-runtime",
    "type" : "org.cloudfoundry.managed-service",
    "properties" : { },
    "parameters" : {
      "type" : "managed-service",
      "service" : "html5-apps-repo",
      "service-plan" : "app-runtime"
    },
    "isActive" : true,
    "isOptional" : false,
    "propertiesMetadata" : {
      "metadata" : { }
    },
    "parametersMetadata" : {
      "metadata" : { }
    },
    "requiredDependencies" : [ ],
    "processedAfter" : [ ]
  }, {
    "majorSchemaVersion" : 3,
    "name" : "xsuaa-service",
    "type" : "org.cloudfoundry.managed-service",
    "properties" : { },
    "parameters" : {
      "path" : "./xs-security.json",
      "service-plan" : "application",
      "type" : "managed-service",
      "service" : "xsuaa"
    },
    "isActive" : true,
    "isOptional" : false,
    "propertiesMetadata" : {
      "metadata" : { }
    },
    "parametersMetadata" : {
      "metadata" : { }
    },
    "requiredDependencies" : [ ],
    "processedAfter" : [ ]
  } ],
  "parameters" : {
    "enable-parallel-deployments" : true,
    "deploy_mode" : "html5-repo"
  },
  "parametersMetadata" : {
    "metadata" : { }
  }
}#
#2026 05 08 08:55:14.453#Z#DEBUG#a05cc58a-4abb-11f1-b3e9-eeee0a988dc4.OPERATION#flowable-async-job-executor-thread-1643#
[MergeDescriptorsStep] Descriptors validated and merged#
#2026 05 08 08:55:14.453#Z#DEBUG#a05cc58a-4abb-11f1-b3e9-eeee0a988dc4.OPERATION#flowable-async-job-executor-thread-1643#
Step "Merge Descriptors" finished#
#2026 05 08 08:55:14.525#Z#DEBUG#a05cc58a-4abb-11f1-b3e9-eeee0a988dc4.OPERATION#flowable-async-job-executor-thread-1643#
[DetectDeployedMtaStep] Executing task "detectDeployedMtaTask" of process "a05cc5b0-4abb-11f1-b3e9-eeee0a988dc4"...#
#2026 05 08 08:55:14.527#Z#DEBUG#a05cc58a-4abb-11f1-b3e9-eeee0a988dc4.OPERATION#flowable-async-job-executor-thread-1643#
[DetectDeployedMtaStep] Detecting deployed MTA...#
#2026 05 08 08:55:14.617#Z#DEBUG#a05cc58a-4abb-11f1-b3e9-eeee0a988dc4.OPERATION#flowable-async-job-executor-thread-1643#
[DetectDeployedMtaStep] Detecting MTA by id travel_expense_app and namespace null#
#2026 05 08 08:55:14.617#Z#DEBUG#a05cc58a-4abb-11f1-b3e9-eeee0a988dc4.OPERATION#flowable-async-job-executor-thread-1643#
[DetectDeployedMtaStep] Getting applications by metadata label selector "mta_id=45b7891e9290cbb36bc01fbcee45f305,!mta_namespace"...#
#2026 05 08 08:55:14.676#Z#DEBUG#a05cc58a-4abb-11f1-b3e9-eeee0a988dc4.OPERATION#flowable-async-job-executor-thread-1643#
[DetectDeployedMtaStep] Getting service instances by metadata label selector "mta_id=45b7891e9290cbb36bc01fbcee45f305,!mta_namespace"...#
#2026 05 08 08:55:14.800#Z#DEBUG#a05cc58a-4abb-11f1-b3e9-eeee0a988dc4.OPERATION#flowable-async-job-executor-thread-1643#
[DetectDeployedMtaStep] Deployed MTA: {
  "metadata" : {
    "id" : "travel_expense_app",
    "version" : "1.0.0"
  },
  "applications" : [ {
    "name" : "travel_expense_app-srv",
    "metadata" : {
      "guid" : "1e9a20a1-f0d4-47be-8c16-07c93e1a57bb",
      "createdAt" : [ 2026, 4, 28, 6, 58, 42 ],
      "updatedAt" : [ 2026, 5, 8, 7, 18, 7 ]
    },
    "v3Metadata" : {
      "annotations" : {
        "mta_id" : "travel_expense_app",
        "mta_version" : "1.0.0",
        "mta_module" : "{\"name\":\"travel_expense_app-srv\"}",
        "mta_module_provided_dependencies" : "[]",
        "mta_bound_services" : "[\"travel_expense_app-db\",\"travel_expense_app-destination\"]"
      },
      "labels" : {
        "mta_id" : "45b7891e9290cbb36bc01fbcee45f305"
      }
    },
    "state" : "STARTED",
    "lifecycle" : {
      "type" : "BUILDPACK",
      "data" : {
        "buildpacks" : [ "nodejs_buildpack" ],
        "stack" : "cflinuxfs4"
      }
    },
    "space" : {
      "name" : "dev",
      "metadata" : {
        "guid" : "b3040adf-9a0c-491b-b2f3-ae2e732cc19f",
        "createdAt" : [ 2026, 4, 17, 9, 38 ],
        "updatedAt" : [ 2026, 4, 17, 9, 38 ]
      },
      "organization" : {
        "name" : "bc857718trial",
        "metadata" : {
          "guid" : "a60e8087-87c3-481b-a9dc-503c803f5b82",
          "createdAt" : [ 2026, 4, 17, 9, 37, 58 ],
          "updatedAt" : [ 2026, 4, 17, 9, 38 ]
        }
      }
    },
    "moduleName" : "travel_expense_app-srv",
    "boundMtaServices" : [ "travel_expense_app-db", "travel_expense_app-destination" ],
    "providedDependencyNames" : [ ],
    "productizationState" : "LIVE"
  }, {
    "name" : "travel_expense_app-db-deployer",
    "metadata" : {
      "guid" : "12d88eeb-f83c-4f84-aa2c-a59761ea2448",
      "createdAt" : [ 2026, 4, 28, 6, 58, 43 ],
      "updatedAt" : [ 2026, 5, 8, 8, 54, 3 ]
    },
    "v3Metadata" : {
      "annotations" : {
        "mta_id" : "travel_expense_app",
        "mta_version" : "1.0.0",
        "mta_module" : "{\"name\":\"travel_expense_app-db-deployer\"}",
        "mta_module_provided_dependencies" : "[]",
        "mta_bound_services" : "[\"travel_expense_app-db\"]"
      },
      "labels" : {
        "mta_id" : "45b7891e9290cbb36bc01fbcee45f305"
      }
    },
    "state" : "STARTED",
    "lifecycle" : {
      "type" : "BUILDPACK",
      "data" : {
        "buildpacks" : [ "nodejs_buildpack" ],
        "stack" : "cflinuxfs4"
      }
    },
    "space" : {
      "name" : "dev",
      "metadata" : {
        "guid" : "b3040adf-9a0c-491b-b2f3-ae2e732cc19f",
        "createdAt" : [ 2026, 4, 17, 9, 38 ],
        "updatedAt" : [ 2026, 4, 17, 9, 38 ]
      },
      "organization" : {
        "name" : "bc857718trial",
        "metadata" : {
          "guid" : "a60e8087-87c3-481b-a9dc-503c803f5b82",
          "createdAt" : [ 2026, 4, 17, 9, 37, 58 ],
          "updatedAt" : [ 2026, 4, 17, 9, 38 ]
        }
      }
    },
    "moduleName" : "travel_expense_app-db-deployer",
    "boundMtaServices" : [ "travel_expense_app-db" ],
    "providedDependencyNames" : [ ],
    "productizationState" : "LIVE"
  }, {
    "name" : "travel_expense_app",
    "metadata" : {
      "guid" : "c010c0f1-d57e-4fdc-a7bb-0510376a0e4d",
      "createdAt" : [ 2026, 4, 29, 9, 0, 37 ],
      "updatedAt" : [ 2026, 5, 8, 8, 54 ]
    },
    "v3Metadata" : {
      "annotations" : {
        "mta_id" : "travel_expense_app",
        "mta_version" : "1.0.0",
        "mta_module" : "{\"name\":\"travel_expense_app\"}",
        "mta_module_provided_dependencies" : "[]",
        "mta_bound_services" : "[\"travel_expense_app-html5-runtime\",\"xsuaa-service\"]"
      },
      "labels" : {
        "mta_id" : "45b7891e9290cbb36bc01fbcee45f305"
      }
    },
    "state" : "STARTED",
    "lifecycle" : {
      "type" : "BUILDPACK",
      "data" : {
        "buildpacks" : [ ],
        "stack" : "cflinuxfs4"
      }
    },
    "space" : {
      "name" : "dev",
      "metadata" : {
        "guid" : "b3040adf-9a0c-491b-b2f3-ae2e732cc19f",
        "createdAt" : [ 2026, 4, 17, 9, 38 ],
        "updatedAt" : [ 2026, 4, 17, 9, 38 ]
      },
      "organization" : {
        "name" : "bc857718trial",
        "metadata" : {
          "guid" : "a60e8087-87c3-481b-a9dc-503c803f5b82",
          "createdAt" : [ 2026, 4, 17, 9, 37, 58 ],
          "updatedAt" : [ 2026, 4, 17, 9, 38 ]
        }
      }
    },
    "moduleName" : "travel_expense_app",
    "boundMtaServices" : [ "travel_expense_app-html5-runtime", "xsuaa-service" ],
    "providedDependencyNames" : [ ],
    "productizationState" : "LIVE"
  } ],
  "services" : [ {
    "name" : "travel_expense_app-html5-repo-host",
    "metadata" : {
      "guid" : "6d8e8984-b6a6-412c-acac-79229ce392bb",
      "createdAt" : [ 2026, 4, 29, 9, 0, 14 ],
      "updatedAt" : [ 2026, 4, 29, 9, 0, 15 ]
    },
    "v3Metadata" : {
      "annotations" : {
        "mta_id" : "travel_expense_app",
        "mta_version" : "1.0.0",
        "mta_resource" : "{\"name\":\"travel_expense_app-html5-repo-host\"}"
      },
      "labels" : {
        "mta_id" : "45b7891e9290cbb36bc01fbcee45f305"
      }
    },
    "label" : "html5-apps-repo",
    "plan" : "app-host",
    "credentials" : "********",
    "tags" : [ ],
    "type" : "managed",
    "lastOperation" : {
      "type" : "CREATE",
      "description" : "",
      "state" : "SUCCEEDED"
    },
    "resourceName" : "travel_expense_app-html5-repo-host"
  }, {
    "name" : "xsuaa-service",
    "metadata" : {
      "guid" : "e22238b8-b5be-4128-ab2c-9a5632469276",
      "createdAt" : [ 2026, 4, 30, 4, 42, 18 ],
      "updatedAt" : [ 2026, 4, 30, 4, 42, 18 ]
    },
    "v3Metadata" : {
      "annotations" : {
        "mta_id" : "travel_expense_app",
        "mta_version" : "1.0.0",
        "mta_resource" : "{\"name\":\"xsuaa-service\"}"
      },
      "labels" : {
        "mta_id" : "45b7891e9290cbb36bc01fbcee45f305"
      }
    },
    "label" : "xsuaa",
    "plan" : "application",
    "credentials" : "********",
    "tags" : [ ],
    "type" : "managed",
    "lastOperation" : {
      "type" : "UPDATE",
      "description" : "",
      "state" : "SUCCEEDED"
    },
    "resourceName" : "xsuaa-service"
  }, {
    "name" : "travel_expense_app-destination",
    "metadata" : {
      "guid" : "4a6291ef-7fc1-42bd-95ff-7b5741b24e37",
      "createdAt" : [ 2026, 4, 29, 9, 0, 22 ],
      "updatedAt" : [ 2026, 4, 29, 9, 0, 25 ]
    },
    "v3Metadata" : {
      "annotations" : {
        "mta_id" : "travel_expense_app",
        "mta_version" : "1.0.0",
        "mta_resource" : "{\"name\":\"travel_expense_app-destination\"}"
      },
      "labels" : {
        "mta_id" : "45b7891e9290cbb36bc01fbcee45f305"
      }
    },
    "label" : "destination",
    "plan" : "lite",
    "credentials" : "********",
    "tags" : [ ],
    "type" : "managed",
    "lastOperation" : {
      "type" : "UPDATE",
      "description" : "",
      "state" : "SUCCEEDED"
    },
    "resourceName" : "travel_expense_app-destination"
  }, {
    "name" : "travel_expense_app-html5-runtime",
    "metadata" : {
      "guid" : "81f3fb4f-369f-4362-890b-91b269cf1255",
      "createdAt" : [ 2026, 4, 29, 9, 0, 19 ],
      "updatedAt" : [ 2026, 4, 29, 9, 0, 20 ]
    },
    "v3Metadata" : {
      "annotations" : {
        "mta_id" : "travel_expense_app",
        "mta_version" : "1.0.0",
        "mta_resource" : "{\"name\":\"travel_expense_app-html5-runtime\"}"
      },
      "labels" : {
        "mta_id" : "45b7891e9290cbb36bc01fbcee45f305"
      }
    },
    "label" : "html5-apps-repo",
    "plan" : "app-runtime",
    "credentials" : "********",
    "tags" : [ ],
    "type" : "managed",
    "lastOperation" : {
      "type" : "CREATE",
      "description" : "",
      "state" : "SUCCEEDED"
    },
    "resourceName" : "travel_expense_app-html5-runtime"
  }, {
    "name" : "travel_expense_app-db",
    "metadata" : {
      "guid" : "daae0034-c699-4bcc-8912-7006cb2c1882",
      "createdAt" : [ 2026, 4, 30, 6, 55, 5 ],
      "updatedAt" : [ 2026, 4, 30, 6, 55, 5 ]
    },
    "v3Metadata" : {
      "annotations" : {
        "mta_id" : "travel_expense_app",
        "mta_version" : "1.0.0",
        "mta_resource" : "{\"name\":\"travel_expense_app-db\"}"
      },
      "labels" : {
        "mta_id" : "45b7891e9290cbb36bc01fbcee45f305"
      }
    },
    "label" : "hana",
    "plan" : "hdi-shared",
    "credentials" : "********",
    "tags" : [ ],
    "type" : "managed",
    "lastOperation" : {
      "type" : "CREATE",
      "state" : "SUCCEEDED"
    },
    "resourceName" : "travel_expense_app-db"
  } ]
}#
#2026 05 08 08:55:14.800#Z#INFO#a05cc58a-4abb-11f1-b3e9-eeee0a988dc4.OPERATION#flowable-async-job-executor-thread-1643#
[DetectDeployedMtaStep] Detected deployed MTA with ID "travel_expense_app" and version "1.0.0"#
#2026 05 08 08:55:14.811#Z#DEBUG#a05cc58a-4abb-11f1-b3e9-eeee0a988dc4.OPERATION#flowable-async-job-executor-thread-1643#
[DetectDeployedMtaStep] Detecting backup mta by id "travel_expense_app" and namespace "null"#
#2026 05 08 08:55:14.811#Z#DEBUG#a05cc58a-4abb-11f1-b3e9-eeee0a988dc4.OPERATION#flowable-async-job-executor-thread-1643#
[DetectDeployedMtaStep] Getting applications by metadata label selector "mta_id=45b7891e9290cbb36bc01fbcee45f305,mta_namespace=b698114a0995e936895b9598a6c19a2c"...#
#2026 05 08 08:55:14.855#Z#DEBUG#a05cc58a-4abb-11f1-b3e9-eeee0a988dc4.OPERATION#flowable-async-job-executor-thread-1643#
[DetectDeployedMtaStep] Getting service instances by metadata label selector "mta_id=45b7891e9290cbb36bc01fbcee45f305,mta_namespace=b698114a0995e936895b9598a6c19a2c"...#
#2026 05 08 08:55:14.929#Z#DEBUG#a05cc58a-4abb-11f1-b3e9-eeee0a988dc4.OPERATION#flowable-async-job-executor-thread-1643#
[DetectDeployedMtaStep] Deployed MTA service keys: [ {
  "name" : "********",
  "metadata" : {
    "guid" : "5cf28fa0-adef-4a04-9c2c-17bab39b4dcc",
    "createdAt" : [ 2026, 4, 29, 9, 0, 40 ],
    "updatedAt" : [ 2026, 4, 29, 9, 0, 41 ]
  },
  "v3Metadata" : {
    "annotations" : {
      "mta_version" : "1.0.0",
      "mta_id" : "travel_expense_app"
    },
    "labels" : {
      "mta_id" : "45b7891e9290cbb36bc01fbcee45f305",
      "space_guid" : "b3040adf-9a0c-491b-b2f3-ae2e732cc19f"
    }
  },
  "serviceInstance" : {
    "name" : "travel_expense_app-html5-repo-host",
    "metadata" : {
      "guid" : "6d8e8984-b6a6-412c-acac-79229ce392bb",
      "createdAt" : [ 2026, 4, 29, 9, 0, 14 ],
      "updatedAt" : [ 2026, 4, 29, 9, 0, 15 ]
    },
    "v3Metadata" : {
      "annotations" : {
        "mta_id" : "travel_expense_app",
        "mta_version" : "1.0.0",
        "mta_resource" : "{\"name\":\"travel_expense_app-html5-repo-host\"}"
      },
      "labels" : {
        "mta_id" : "45b7891e9290cbb36bc01fbcee45f305"
      }
    },
    "credentials" : "********",
    "tags" : [ ],
    "type" : "managed"
  }
}, {
  "name" : "********",
  "metadata" : {
    "guid" : "2c64c452-d72f-4cbb-a984-7178d6c765a7",
    "createdAt" : [ 2026, 4, 29, 9, 0, 40 ],
    "updatedAt" : [ 2026, 4, 29, 9, 0, 41 ]
  },
  "v3Metadata" : {
    "annotations" : {
      "mta_id" : "travel_expense_app",
      "mta_version" : "1.0.0"
    },
    "labels" : {
      "mta_id" : "45b7891e9290cbb36bc01fbcee45f305",
      "space_guid" : "b3040adf-9a0c-491b-b2f3-ae2e732cc19f"
    }
  },
  "serviceInstance" : {
    "name" : "travel_expense_app-destination",
    "metadata" : {
      "guid" : "4a6291ef-7fc1-42bd-95ff-7b5741b24e37",
      "createdAt" : [ 2026, 4, 29, 9, 0, 22 ],
      "updatedAt" : [ 2026, 4, 29, 9, 0, 25 ]
    },
    "v3Metadata" : {
      "annotations" : {
        "mta_id" : "travel_expense_app",
        "mta_version" : "1.0.0",
        "mta_resource" : "{\"name\":\"travel_expense_app-destination\"}"
      },
      "labels" : {
        "mta_id" : "45b7891e9290cbb36bc01fbcee45f305"
      }
    },
    "credentials" : "********",
    "tags" : [ ],
    "type" : "managed"
  }
}, {
  "name" : "********",
  "metadata" : {
    "guid" : "e266e7bf-8fdf-494a-b62e-7e51b13e746c",
    "createdAt" : [ 2026, 4, 29, 9, 0, 40 ],
    "updatedAt" : [ 2026, 4, 29, 9, 0, 41 ]
  },
  "v3Metadata" : {
    "annotations" : {
      "mta_id" : "travel_expense_app",
      "mta_version" : "1.0.0"
    },
    "labels" : {
      "mta_id" : "45b7891e9290cbb36bc01fbcee45f305",
      "space_guid" : "b3040adf-9a0c-491b-b2f3-ae2e732cc19f"
    }
  },
  "serviceInstance" : {
    "name" : "travel_expense_app-html5-repo-host",
    "metadata" : {
      "guid" : "6d8e8984-b6a6-412c-acac-79229ce392bb",
      "createdAt" : [ 2026, 4, 29, 9, 0, 14 ],
      "updatedAt" : [ 2026, 4, 29, 9, 0, 15 ]
    },
    "v3Metadata" : {
      "annotations" : {
        "mta_id" : "travel_expense_app",
        "mta_version" : "1.0.0",
        "mta_resource" : "{\"name\":\"travel_expense_app-html5-repo-host\"}"
      },
      "labels" : {
        "mta_id" : "45b7891e9290cbb36bc01fbcee45f305"
      }
    },
    "credentials" : "********",
    "tags" : [ ],
    "type" : "managed"
  }
} ]#
#2026 05 08 08:55:14.929#Z#DEBUG#a05cc58a-4abb-11f1-b3e9-eeee0a988dc4.OPERATION#flowable-async-job-executor-thread-1643#
Step "Detect Deployed MTA" finished#
#2026 05 08 08:55:14.983#Z#DEBUG#a05cc58a-4abb-11f1-b3e9-eeee0a988dc4.OPERATION#flowable-async-job-executor-thread-1645#
[XS2CollectSystemParametersStep] Executing task "collectSystemParametersTask" of process "a05cc5b0-4abb-11f1-b3e9-eeee0a988dc4"...#
#2026 05 08 08:55:14.984#Z#DEBUG#a05cc58a-4abb-11f1-b3e9-eeee0a988dc4.OPERATION#flowable-async-job-executor-thread-1645#
[XS2CollectSystemParametersStep] Collecting system parameters...#
#2026 05 08 08:55:14.986#Z#DEBUG#a05cc58a-4abb-11f1-b3e9-eeee0a988dc4.OPERATION#flowable-async-job-executor-thread-1645#
[XS2CollectSystemParametersStep] Getting default domain...#
#2026 05 08 08:55:15.013#Z#DEBUG#a05cc58a-4abb-11f1-b3e9-eeee0a988dc4.OPERATION#flowable-async-job-executor-thread-1645#
[XS2CollectSystemParametersStep] Default domain: cfapps.us10-001.hana.ondemand.com#
#2026 05 08 08:55:15.016#Z#DEBUG#a05cc58a-4abb-11f1-b3e9-eeee0a988dc4.OPERATION#flowable-async-job-executor-thread-1645#
[XS2CollectSystemParametersStep] Checking for overwriting read-only parameters for mta with id: "travel_expense_app"#
#2026 05 08 08:55:15.016#Z#DEBUG#a05cc58a-4abb-11f1-b3e9-eeee0a988dc4.OPERATION#flowable-async-job-executor-thread-1645#
[XS2CollectSystemParametersStep] No read-only parameters are overwritten#
#2026 05 08 08:55:15.029#Z#DEBUG#a05cc58a-4abb-11f1-b3e9-eeee0a988dc4.OPERATION#flowable-async-job-executor-thread-1645#
[XS2CollectSystemParametersStep] Descriptor with system parameters: {
  "majorSchemaVersion" : 3,
  "schemaVersion" : "3.3.0",
  "id" : "travel_expense_app",
  "version" : "1.0.0",
  "modules" : [ {
    "majorSchemaVersion" : 3,
    "name" : "travel_expense_app-srv",
    "type" : "javascript.nodejs",
    "path" : "travel_expense_app-srv",
    "properties" : { },
    "parameters" : {
      "default-url" : "${protocol}://${default-uri}",
      "default-app-name" : "travel_expense_app-srv",
      "generated-password" : "********",
      "default-live-url" : "${protocol}://${default-live-uri}",
      "default-uri" : "${host}.${domain}",
      "default-instances" : 1,
      "default-live-host" : "bc857718trial-dev-travel-expense-app-srv",
      "instances" : 1,
      "buildpack" : "nodejs_buildpack",
      "default-host" : "bc857718trial-dev-travel-expense-app-srv",
      "app-name" : "${default-app-name}",
      "default-live-uri" : "bc857718trial-dev-travel-expense-app-srv.${domain}",
      "protocol" : "https",
      "default-live-app-name" : "travel_expense_app-srv",
      "default-live-domain" : "cfapps.us10-001.hana.ondemand.com",
      "domain" : "${default-domain}",
      "host" : "${default-host}",
      "generated-user" : "********"
    },
    "requiredDependencies" : [ {
      "majorSchemaVersion" : 3,
      "name" : "travel_expense_app-db",
      "properties" : { },
      "parameters" : { },
      "propertiesMetadata" : {
        "metadata" : { }
      },
      "parametersMetadata" : {
        "metadata" : { }
      }
    }, {
      "majorSchemaVersion" : 3,
      "name" : "travel_expense_app-destination",
      "properties" : { },
      "parameters" : { },
      "propertiesMetadata" : {
        "metadata" : { }
      },
      "parametersMetadata" : {
        "metadata" : { }
      }
    } ],
    "providedDependencies" : [ {
      "majorSchemaVersion" : 3,
      "name" : "srv-api",
      "isPublic" : false,
      "properties" : {
        "srv-url" : "${default-url}"
      },
      "parameters" : { },
      "propertiesMetadata" : {
        "metadata" : { }
      },
      "parametersMetadata" : {
        "metadata" : { }
      }
    }, {
      "majorSchemaVersion" : 3,
      "name" : "travel_expense_app-srv",
      "isPublic" : false,
      "properties" : { },
      "parameters" : { },
      "propertiesMetadata" : {
        "metadata" : { }
      },
      "parametersMetadata" : {
        "metadata" : { }
      }
    } ],
    "propertiesMetadata" : {
      "metadata" : { }
    },
    "parametersMetadata" : {
      "metadata" : { }
    },
    "hooks" : [ ]
  }, {
    "majorSchemaVersion" : 3,
    "name" : "travel_expense_app-db-deployer",
    "type" : "com.sap.xs.hdi",
    "path" : "travel_expense_app-db-deployer",
    "properties" : {
      "EXIT" : 1
    },
    "parameters" : {
      "default-url" : "${protocol}://${default-uri}",
      "default-app-name" : "travel_expense_app-db-deployer",
      "generated-password" : "********",
      "default-live-url" : "${protocol}://${default-live-uri}",
      "default-uri" : "${host}.${domain}",
      "memory" : "256M",
      "default-instances" : 1,
      "no-route" : true,
      "default-live-host" : "bc857718trial-dev-travel-expense-app-db-deployer",
      "instances" : "${default-instances}",
      "buildpack" : "nodejs_buildpack",
      "default-host" : "bc857718trial-dev-travel-expense-app-db-deployer",
      "app-name" : "${default-app-name}",
      "default-live-uri" : "bc857718trial-dev-travel-expense-app-db-deployer.${domain}",
      "protocol" : "https",
      "default-live-app-name" : "travel_expense_app-db-deployer",
      "default-live-domain" : "cfapps.us10-001.hana.ondemand.com",
      "dependency-type" : "hard",
      "domain" : "${default-domain}",
      "host" : "${default-host}",
      "generated-user" : "********",
      "tasks" : [ {
        "name" : "deploy",
        "memory" : "256M",
        "command" : "npm start"
      } ],
      "no-start" : true
    },
    "requiredDependencies" : [ {
      "majorSchemaVersion" : 3,
      "name" : "travel_expense_app-db",
      "properties" : { },
      "parameters" : { },
      "propertiesMetadata" : {
        "metadata" : { }
      },
      "parametersMetadata" : {
        "metadata" : { }
      }
    } ],
    "providedDependencies" : [ {
      "majorSchemaVersion" : 3,
      "name" : "travel_expense_app-db-deployer",
      "isPublic" : false,
      "properties" : { },
      "parameters" : { },
      "propertiesMetadata" : {
        "metadata" : { }
      },
      "parametersMetadata" : {
        "metadata" : { }
      }
    } ],
    "propertiesMetadata" : {
      "metadata" : { }
    },
    "parametersMetadata" : {
      "metadata" : { }
    },
    "hooks" : [ ]
  }, {
    "majorSchemaVersion" : 3,
    "name" : "travel_expense_app",
    "type" : "javascript.nodejs",
    "path" : "travel_expense_app",
    "properties" : { },
    "parameters" : {
      "default-url" : "${protocol}://${default-uri}",
      "default-app-name" : "travel_expense_app",
      "generated-password" : "********",
      "default-live-url" : "${protocol}://${default-live-uri}",
      "default-uri" : "${host}.${domain}",
      "memory" : "256M",
      "default-instances" : 1,
      "default-live-host" : "bc857718trial-dev-travel-expense-app",
      "instances" : "${default-instances}",
      "default-host" : "bc857718trial-dev-travel-expense-app",
      "keep-existing-routes" : true,
      "app-name" : "${default-app-name}",
      "default-live-uri" : "bc857718trial-dev-travel-expense-app.${domain}",
      "protocol" : "https",
      "default-live-app-name" : "travel_expense_app",
      "default-live-domain" : "cfapps.us10-001.hana.ondemand.com",
      "disk-quota" : "256M",
      "domain" : "${default-domain}",
      "host" : "${default-host}",
      "generated-user" : "********"
    },
    "requiredDependencies" : [ {
      "majorSchemaVersion" : 3,
      "name" : "srv-api",
      "group" : "destinations",
      "properties" : {
        "name" : "srv-api",
        "forwardAuthToken" : "********",
        "url" : "~{srv-url}"
      },
      "parameters" : { },
      "propertiesMetadata" : {
        "metadata" : { }
      },
      "parametersMetadata" : {
        "metadata" : { }
      }
    }, {
      "majorSchemaVersion" : 3,
      "name" : "travel_expense_app-html5-runtime",
      "properties" : { },
      "parameters" : { },
      "propertiesMetadata" : {
        "metadata" : { }
      },
      "parametersMetadata" : {
        "metadata" : { }
      }
    }, {
      "majorSchemaVersion" : 3,
      "name" : "xsuaa-service",
      "properties" : { },
      "parameters" : { },
      "propertiesMetadata" : {
        "metadata" : { }
      },
      "parametersMetadata" : {
        "metadata" : { }
      }
    } ],
    "providedDependencies" : [ {
      "majorSchemaVersion" : 3,
      "name" : "app-api",
      "isPublic" : false,
      "properties" : {
        "app-protocol" : "${protocol}",
        "app-uri" : "${default-uri}"
      },
      "parameters" : { },
      "propertiesMetadata" : {
        "metadata" : { }
      },
      "parametersMetadata" : {
        "metadata" : { }
      }
    }, {
      "majorSchemaVersion" : 3,
      "name" : "travel_expense_app",
      "isPublic" : false,
      "properties" : { },
      "parameters" : { },
      "propertiesMetadata" : {
        "metadata" : { }
      },
      "parametersMetadata" : {
        "metadata" : { }
      }
    } ],
    "propertiesMetadata" : {
      "metadata" : { }
    },
    "parametersMetadata" : {
      "metadata" : { }
    },
    "hooks" : [ ]
  }, {
    "majorSchemaVersion" : 3,
    "name" : "travel_expense_app-app-deployer",
    "type" : "com.sap.application.content",
    "path" : "travel_expense_app-app-deployer",
    "properties" : { },
    "parameters" : {
      "default-url" : "${protocol}://${default-uri}",
      "default-app-name" : "travel_expense_app-app-deployer",
      "generated-password" : "********",
      "default-live-url" : "${protocol}://${default-live-uri}",
      "default-uri" : "${host}.${domain}",
      "default-instances" : 1,
      "default-live-host" : "bc857718trial-dev-travel-expense-app-app-deployer",
      "instances" : "${default-instances}",
      "default-host" : "bc857718trial-dev-travel-expense-app-app-deployer",
      "app-name" : "${default-app-name}",
      "default-live-uri" : "bc857718trial-dev-travel-expense-app-app-deployer.${domain}",
      "protocol" : "https",
      "default-live-app-name" : "travel_expense_app-app-deployer",
      "default-live-domain" : "cfapps.us10-001.hana.ondemand.com",
      "domain" : "${default-domain}",
      "host" : "${default-host}",
      "generated-user" : "********"
    },
    "requiredDependencies" : [ {
      "majorSchemaVersion" : 3,
      "name" : "srv-api",
      "properties" : { },
      "parameters" : { },
      "propertiesMetadata" : {
        "metadata" : { }
      },
      "parametersMetadata" : {
        "metadata" : { }
      }
    }, {
      "majorSchemaVersion" : 3,
      "name" : "travel_expense_app-html5-repo-host",
      "properties" : { },
      "parameters" : {
        "config" : {
          "HTML5Runtime_enabled" : true
        },
        "content-target" : true
      },
      "propertiesMetadata" : {
        "metadata" : { }
      },
      "parametersMetadata" : {
        "metadata" : { }
      }
    } ],
    "providedDependencies" : [ {
      "majorSchemaVersion" : 3,
      "name" : "travel_expense_app-app-deployer",
      "isPublic" : false,
      "properties" : { },
      "parameters" : { },
      "propertiesMetadata" : {
        "metadata" : { }
      },
      "parametersMetadata" : {
        "metadata" : { }
      }
    } ],
    "propertiesMetadata" : {
      "metadata" : { }
    },
    "parametersMetadata" : {
      "metadata" : { }
    },
    "hooks" : [ ]
  }, {
    "majorSchemaVersion" : 3,
    "name" : "travel_expense_app-destinations",
    "type" : "com.sap.application.content",
    "properties" : { },
    "parameters" : {
      "default-url" : "${protocol}://${default-uri}",
      "default-app-name" : "travel_expense_app-destinations",
      "generated-password" : "********",
      "default-live-url" : "${protocol}://${default-live-uri}",
      "default-uri" : "${host}.${domain}",
      "default-instances" : 1,
      "default-live-host" : "bc857718trial-dev-travel-expense-app-destinations",
      "instances" : "${default-instances}",
      "default-host" : "bc857718trial-dev-travel-expense-app-destinations",
      "content" : {
        "instance" : {
          "destinations" : [ {
            "Name" : "travel_expense_app-html5-repository",
            "ServiceInstanceName" : "travel_expense_app-html5-repo-host",
            "ServiceKeyName" : "********",
            "sap.cloud.service" : "travel_expense_app.service"
          } ],
          "existing_destinations_policy" : "update"
        }
      },
      "app-name" : "${default-app-name}",
      "default-live-uri" : "bc857718trial-dev-travel-expense-app-destinations.${domain}",
      "protocol" : "https",
      "default-live-app-name" : "travel_expense_app-destinations",
      "default-live-domain" : "cfapps.us10-001.hana.ondemand.com",
      "domain" : "${default-domain}",
      "host" : "${default-host}",
      "generated-user" : "********"
    },
    "requiredDependencies" : [ {
      "majorSchemaVersion" : 3,
      "name" : "travel_expense_app-html5-repo-host",
      "properties" : { },
      "parameters" : {
        "service-key" : "********"
      },
      "propertiesMetadata" : {
        "metadata" : { }
      },
      "parametersMetadata" : {
        "metadata" : { }
      }
    }, {
      "majorSchemaVersion" : 3,
      "name" : "srv-api",
      "properties" : { },
      "parameters" : { },
      "propertiesMetadata" : {
        "metadata" : { }
      },
      "parametersMetadata" : {
        "metadata" : { }
      }
    }, {
      "majorSchemaVersion" : 3,
      "name" : "travel_expense_app-destination",
      "properties" : { },
      "parameters" : {
        "content-target" : true
      },
      "propertiesMetadata" : {
        "metadata" : { }
      },
      "parametersMetadata" : {
        "metadata" : { }
      }
    } ],
    "providedDependencies" : [ {
      "majorSchemaVersion" : 3,
      "name" : "travel_expense_app-destinations",
      "isPublic" : false,
      "properties" : { },
      "parameters" : { },
      "propertiesMetadata" : {
        "metadata" : { }
      },
      "parametersMetadata" : {
        "metadata" : { }
      }
    } ],
    "propertiesMetadata" : {
      "metadata" : { }
    },
    "parametersMetadata" : {
      "metadata" : { }
    },
    "hooks" : [ ]
  } ],
  "resources" : [ {
    "majorSchemaVersion" : 3,
    "name" : "travel_expense_app-db",
    "type" : "com.sap.xs.hdi-container",
    "properties" : { },
    "parameters" : {
      "generated-password" : "********",
      "service-name" : "${default-service-name}",
      "service-plan" : "hdi-shared",
      "service" : "hana",
      "generated-user" : "********",
      "default-xsappname" : "travel_expense_app-db",
      "type" : "managed-service",
      "default-service-name" : "travel_expense_app-db",
      "default-container-name" : "BC857718TRIAL_DEV_TRAVEL_EXPENSE_APP_DB"
    },
    "isActive" : true,
    "isOptional" : false,
    "propertiesMetadata" : {
      "metadata" : { }
    },
    "parametersMetadata" : {
      "metadata" : { }
    },
    "requiredDependencies" : [ ],
    "processedAfter" : [ ]
  }, {
    "majorSchemaVersion" : 3,
    "name" : "travel_expense_app-destination",
    "type" : "org.cloudfoundry.managed-service",
    "properties" : { },
    "parameters" : {
      "generated-password" : "********",
      "service-name" : "${default-service-name}",
      "service-plan" : "lite",
      "service" : "destination",
      "generated-user" : "********",
      "default-xsappname" : "travel_expense_app-destination",
      "type" : "managed-service",
      "config" : {
        "HTML5Runtime_enabled" : true,
        "init_data" : {
          "instance" : {
            "destinations" : [ {
              "Authentication" : "********",
              "HTML5.DynamicDestination" : true,
              "HTML5.ForwardAuthToken" : "********",
              "Name" : "srv-api",
              "ProxyType" : "Internet",
              "Type" : "HTTP",
              "URL" : "~{srv-api/srv-url}"
            } ],
            "existing_destinations_policy" : "update"
          }
        }
      },
      "default-service-name" : "travel_expense_app-destination",
      "default-container-name" : "BC857718TRIAL_DEV_TRAVEL_EXPENSE_APP_DESTINATION"
    },
    "isActive" : true,
    "isOptional" : false,
    "propertiesMetadata" : {
      "metadata" : { }
    },
    "parametersMetadata" : {
      "metadata" : { }
    },
    "requiredDependencies" : [ {
      "majorSchemaVersion" : 3,
      "name" : "srv-api",
      "properties" : { },
      "parameters" : { },
      "propertiesMetadata" : {
        "metadata" : { }
      },
      "parametersMetadata" : {
        "metadata" : { }
      }
    } ],
    "processedAfter" : [ ]
  }, {
    "majorSchemaVersion" : 3,
    "name" : "travel_expense_app-html5-repo-host",
    "type" : "org.cloudfoundry.managed-service",
    "properties" : { },
    "parameters" : {
      "generated-password" : "********",
      "service-name" : "${default-service-name}",
      "service-plan" : "app-host",
      "service" : "html5-apps-repo",
      "generated-user" : "********",
      "default-xsappname" : "travel_expense_app-html5-repo-host",
      "type" : "managed-service",
      "default-service-name" : "travel_expense_app-html5-repo-host",
      "default-container-name" : "BC857718TRIAL_DEV_TRAVEL_EXPENSE_APP_HTML5_REPO_HOST"
    },
    "isActive" : true,
    "isOptional" : false,
    "propertiesMetadata" : {
      "metadata" : { }
    },
    "parametersMetadata" : {
      "metadata" : { }
    },
    "requiredDependencies" : [ ],
    "processedAfter" : [ ]
  }, {
    "majorSchemaVersion" : 3,
    "name" : "travel_expense_app-html5-runtime",
    "type" : "org.cloudfoundry.managed-service",
    "properties" : { },
    "parameters" : {
      "generated-password" : "********",
      "service-name" : "${default-service-name}",
      "service-plan" : "app-runtime",
      "service" : "html5-apps-repo",
      "generated-user" : "********",
      "default-xsappname" : "travel_expense_app-html5-runtime",
      "type" : "managed-service",
      "default-service-name" : "travel_expense_app-html5-runtime",
      "default-container-name" : "BC857718TRIAL_DEV_TRAVEL_EXPENSE_APP_HTML5_RUNTIME"
    },
    "isActive" : true,
    "isOptional" : false,
    "propertiesMetadata" : {
      "metadata" : { }
    },
    "parametersMetadata" : {
      "metadata" : { }
    },
    "requiredDependencies" : [ ],
    "processedAfter" : [ ]
  }, {
    "majorSchemaVersion" : 3,
    "name" : "xsuaa-service",
    "type" : "org.cloudfoundry.managed-service",
    "properties" : { },
    "parameters" : {
      "generated-password" : "********",
      "path" : "./xs-security.json",
      "service-name" : "${default-service-name}",
      "service-plan" : "application",
      "service" : "xsuaa",
      "generated-user" : "********",
      "default-xsappname" : "xsuaa-service",
      "type" : "managed-service",
      "default-service-name" : "xsuaa-service",
      "default-container-name" : "BC857718TRIAL_DEV_XSUAA_SERVICE"
    },
    "isActive" : true,
    "isOptional" : false,
    "propertiesMetadata" : {
      "metadata" : { }
    },
    "parametersMetadata" : {
      "metadata" : { }
    },
    "requiredDependencies" : [ ],
    "processedAfter" : [ ]
  } ],
  "parameters" : {
    "deploy_mode" : "html5-repo",
    "mta-id" : "travel_expense_app",
    "authorization-url" : "********",
    "org-guid" : "a60e8087-87c3-481b-a9dc-503c803f5b82",
    "org" : "bc857718trial",
    "deploy-target" : "bc857718trial dev",
    "enable-parallel-deployments" : true,
    "space" : "dev",
    "xs-api-url" : "https://api.cf.us10-001.hana.ondemand.com",
    "deploy-url" : "deploy-service.cfapps.us10-001.hana.ondemand.com",
    "xs-type" : "CF",
    "default-domain" : "cfapps.us10-001.hana.ondemand.com",
    "mta-version" : "1.0.0",
    "xs-auth-url" : "********",
    "space-guid" : "b3040adf-9a0c-491b-b2f3-ae2e732cc19f",
    "user" : "********",
    "controller-url" : "https://api.cf.us10-001.hana.ondemand.com",
    "timestamp" : "20260508085513"
  },
  "parametersMetadata" : {
    "metadata" : { }
  }
}#
#2026 05 08 08:55:15.031#Z#DEBUG#a05cc58a-4abb-11f1-b3e9-eeee0a988dc4.OPERATION#flowable-async-job-executor-thread-1645#
[XS2CollectSystemParametersStep] Version rule: SAME_HIGHER#
#2026 05 08 08:55:15.031#Z#INFO#a05cc58a-4abb-11f1-b3e9-eeee0a988dc4.OPERATION#flowable-async-job-executor-thread-1645#
[XS2CollectSystemParametersStep] Detected new MTA version: "1.0.0"#
#2026 05 08 08:55:15.038#Z#INFO#a05cc58a-4abb-11f1-b3e9-eeee0a988dc4.OPERATION#flowable-async-job-executor-thread-1645#
[XS2CollectSystemParametersStep] Deployed MTA version: "1.0.0"#
#2026 05 08 08:55:15.045#Z#DEBUG#a05cc58a-4abb-11f1-b3e9-eeee0a988dc4.OPERATION#flowable-async-job-executor-thread-1645#
[XS2CollectSystemParametersStep] MTA accepted for deployment#
#2026 05 08 08:55:15.046#Z#DEBUG#a05cc58a-4abb-11f1-b3e9-eeee0a988dc4.OPERATION#flowable-async-job-executor-thread-1645#
[XS2CollectSystemParametersStep] System parameters collected#
#2026 05 08 08:55:15.046#Z#DEBUG#a05cc58a-4abb-11f1-b3e9-eeee0a988dc4.OPERATION#flowable-async-job-executor-thread-1645#
Step "Collect System Parameters" finished#
#2026 05 08 08:55:15.098#Z#DEBUG#a05cc58a-4abb-11f1-b3e9-eeee0a988dc4.OPERATION#flowable-async-job-executor-thread-1645#
[ProcessDescriptorStep] Executing task "processDescriptorTask" of process "a05cc5b0-4abb-11f1-b3e9-eeee0a988dc4"...#
#2026 05 08 08:55:15.099#Z#DEBUG#a05cc58a-4abb-11f1-b3e9-eeee0a988dc4.OPERATION#flowable-async-job-executor-thread-1645#
[ProcessDescriptorStep] Resolving properties and parameters in merged descriptor...#
#2026 05 08 08:55:15.105#Z#DEBUG#a05cc58a-4abb-11f1-b3e9-eeee0a988dc4.OPERATION#flowable-async-job-executor-thread-1645#
[ProcessDescriptorStep] Subscriptions: [ ]#
#2026 05 08 08:55:15.105#Z#DEBUG#a05cc58a-4abb-11f1-b3e9-eeee0a988dc4.OPERATION#flowable-async-job-executor-thread-1645#
[ProcessDescriptorStep] MTA modules: [travel_expense_app-destinations, travel_expense_app, travel_expense_app-srv, travel_expense_app-db-deployer, travel_expense_app-app-deployer]#
#2026 05 08 08:55:15.106#Z#DEBUG#a05cc58a-4abb-11f1-b3e9-eeee0a988dc4.OPERATION#flowable-async-job-executor-thread-1645#
[ProcessDescriptorStep] Resolved deployment descriptor: {
  "majorSchemaVersion" : 3,
  "schemaVersion" : "3.3.0",
  "id" : "travel_expense_app",
  "version" : "1.0.0",
  "modules" : [ {
    "majorSchemaVersion" : 3,
    "name" : "travel_expense_app-srv",
    "type" : "javascript.nodejs",
    "path" : "travel_expense_app-srv",
    "properties" : { },
    "parameters" : {
      "default-url" : "https://bc857718trial-dev-travel-expense-app-srv.cfapps.us10-001.hana.ondemand.com",
      "default-app-name" : "travel_expense_app-srv",
      "generated-password" : "********",
      "default-live-url" : "https://bc857718trial-dev-travel-expense-app-srv.cfapps.us10-001.hana.ondemand.com",
      "default-uri" : "bc857718trial-dev-travel-expense-app-srv.cfapps.us10-001.hana.ondemand.com",
      "default-instances" : 1,
      "default-live-host" : "bc857718trial-dev-travel-expense-app-srv",
      "instances" : 1,
      "buildpack" : "nodejs_buildpack",
      "default-host" : "bc857718trial-dev-travel-expense-app-srv",
      "app-name" : "travel_expense_app-srv",
      "default-live-uri" : "bc857718trial-dev-travel-expense-app-srv.cfapps.us10-001.hana.ondemand.com",
      "protocol" : "https",
      "default-live-app-name" : "travel_expense_app-srv",
      "default-live-domain" : "cfapps.us10-001.hana.ondemand.com",
      "domain" : "cfapps.us10-001.hana.ondemand.com",
      "host" : "bc857718trial-dev-travel-expense-app-srv",
      "generated-user" : "********"
    },
    "requiredDependencies" : [ {
      "majorSchemaVersion" : 3,
      "name" : "travel_expense_app-db",
      "properties" : { },
      "parameters" : { },
      "propertiesMetadata" : {
        "metadata" : { }
      },
      "parametersMetadata" : {
        "metadata" : { }
      }
    }, {
      "majorSchemaVersion" : 3,
      "name" : "travel_expense_app-destination",
      "properties" : { },
      "parameters" : { },
      "propertiesMetadata" : {
        "metadata" : { }
      },
      "parametersMetadata" : {
        "metadata" : { }
      }
    } ],
    "providedDependencies" : [ {
      "majorSchemaVersion" : 3,
      "name" : "srv-api",
      "isPublic" : false,
      "properties" : {
        "srv-url" : "https://bc857718trial-dev-travel-expense-app-srv.cfapps.us10-001.hana.ondemand.com"
      },
      "parameters" : { },
      "propertiesMetadata" : {
        "metadata" : { }
      },
      "parametersMetadata" : {
        "metadata" : { }
      }
    }, {
      "majorSchemaVersion" : 3,
      "name" : "travel_expense_app-srv",
      "isPublic" : false,
      "properties" : { },
      "parameters" : { },
      "propertiesMetadata" : {
        "metadata" : { }
      },
      "parametersMetadata" : {
        "metadata" : { }
      }
    } ],
    "propertiesMetadata" : {
      "metadata" : { }
    },
    "parametersMetadata" : {
      "metadata" : { }
    },
    "hooks" : [ ]
  }, {
    "majorSchemaVersion" : 3,
    "name" : "travel_expense_app-db-deployer",
    "type" : "com.sap.xs.hdi",
    "path" : "travel_expense_app-db-deployer",
    "properties" : {
      "EXIT" : 1
    },
    "parameters" : {
      "default-url" : "https://bc857718trial-dev-travel-expense-app-db-deployer.cfapps.us10-001.hana.ondemand.com",
      "default-app-name" : "travel_expense_app-db-deployer",
      "generated-password" : "********",
      "default-live-url" : "https://bc857718trial-dev-travel-expense-app-db-deployer.cfapps.us10-001.hana.ondemand.com",
      "default-uri" : "bc857718trial-dev-travel-expense-app-db-deployer.cfapps.us10-001.hana.ondemand.com",
      "memory" : "256M",
      "default-instances" : 1,
      "no-route" : true,
      "default-live-host" : "bc857718trial-dev-travel-expense-app-db-deployer",
      "instances" : 1,
      "buildpack" : "nodejs_buildpack",
      "default-host" : "bc857718trial-dev-travel-expense-app-db-deployer",
      "app-name" : "travel_expense_app-db-deployer",
      "default-live-uri" : "bc857718trial-dev-travel-expense-app-db-deployer.cfapps.us10-001.hana.ondemand.com",
      "protocol" : "https",
      "default-live-app-name" : "travel_expense_app-db-deployer",
      "default-live-domain" : "cfapps.us10-001.hana.ondemand.com",
      "dependency-type" : "hard",
      "domain" : "cfapps.us10-001.hana.ondemand.com",
      "host" : "bc857718trial-dev-travel-expense-app-db-deployer",
      "generated-user" : "********",
      "tasks" : [ {
        "command" : "npm start",
        "memory" : "256M",
        "name" : "deploy"
      } ],
      "no-start" : true
    },
    "requiredDependencies" : [ {
      "majorSchemaVersion" : 3,
      "name" : "travel_expense_app-db",
      "properties" : { },
      "parameters" : { },
      "propertiesMetadata" : {
        "metadata" : { }
      },
      "parametersMetadata" : {
        "metadata" : { }
      }
    } ],
    "providedDependencies" : [ {
      "majorSchemaVersion" : 3,
      "name" : "travel_expense_app-db-deployer",
      "isPublic" : false,
      "properties" : { },
      "parameters" : { },
      "propertiesMetadata" : {
        "metadata" : { }
      },
      "parametersMetadata" : {
        "metadata" : { }
      }
    } ],
    "propertiesMetadata" : {
      "metadata" : { }
    },
    "parametersMetadata" : {
      "metadata" : { }
    },
    "hooks" : [ ]
  }, {
    "majorSchemaVersion" : 3,
    "name" : "travel_expense_app",
    "type" : "javascript.nodejs",
    "path" : "travel_expense_app",
    "properties" : { },
    "parameters" : {
      "default-url" : "https://bc857718trial-dev-travel-expense-app.cfapps.us10-001.hana.ondemand.com",
      "default-app-name" : "travel_expense_app",
      "generated-password" : "********",
      "default-live-url" : "https://bc857718trial-dev-travel-expense-app.cfapps.us10-001.hana.ondemand.com",
      "default-uri" : "bc857718trial-dev-travel-expense-app.cfapps.us10-001.hana.ondemand.com",
      "memory" : "256M",
      "default-instances" : 1,
      "default-live-host" : "bc857718trial-dev-travel-expense-app",
      "instances" : 1,
      "default-host" : "bc857718trial-dev-travel-expense-app",
      "keep-existing-routes" : true,
      "app-name" : "travel_expense_app",
      "default-live-uri" : "bc857718trial-dev-travel-expense-app.cfapps.us10-001.hana.ondemand.com",
      "protocol" : "https",
      "default-live-app-name" : "travel_expense_app",
      "default-live-domain" : "cfapps.us10-001.hana.ondemand.com",
      "disk-quota" : "256M",
      "domain" : "cfapps.us10-001.hana.ondemand.com",
      "host" : "bc857718trial-dev-travel-expense-app",
      "generated-user" : "********"
    },
    "requiredDependencies" : [ {
      "majorSchemaVersion" : 3,
      "name" : "srv-api",
      "group" : "destinations",
      "properties" : {
        "name" : "srv-api",
        "forwardAuthToken" : "********",
        "url" : "https://bc857718trial-dev-travel-expense-app-srv.cfapps.us10-001.hana.ondemand.com"
      },
      "parameters" : { },
      "propertiesMetadata" : {
        "metadata" : { }
      },
      "parametersMetadata" : {
        "metadata" : { }
      }
    }, {
      "majorSchemaVersion" : 3,
      "name" : "travel_expense_app-html5-runtime",
      "properties" : { },
      "parameters" : { },
      "propertiesMetadata" : {
        "metadata" : { }
      },
      "parametersMetadata" : {
        "metadata" : { }
      }
    }, {
      "majorSchemaVersion" : 3,
      "name" : "xsuaa-service",
      "properties" : { },
      "parameters" : { },
      "propertiesMetadata" : {
        "metadata" : { }
      },
      "parametersMetadata" : {
        "metadata" : { }
      }
    } ],
    "providedDependencies" : [ {
      "majorSchemaVersion" : 3,
      "name" : "app-api",
      "isPublic" : false,
      "properties" : {
        "app-protocol" : "https",
        "app-uri" : "bc857718trial-dev-travel-expense-app.cfapps.us10-001.hana.ondemand.com"
      },
      "parameters" : { },
      "propertiesMetadata" : {
        "metadata" : { }
      },
      "parametersMetadata" : {
        "metadata" : { }
      }
    }, {
      "majorSchemaVersion" : 3,
      "name" : "travel_expense_app",
      "isPublic" : false,
      "properties" : { },
      "parameters" : { },
      "propertiesMetadata" : {
        "metadata" : { }
      },
      "parametersMetadata" : {
        "metadata" : { }
      }
    } ],
    "propertiesMetadata" : {
      "metadata" : { }
    },
    "parametersMetadata" : {
      "metadata" : { }
    },
    "hooks" : [ ]
  }, {
    "majorSchemaVersion" : 3,
    "name" : "travel_expense_app-app-deployer",
    "type" : "com.sap.application.content",
    "path" : "travel_expense_app-app-deployer",
    "properties" : { },
    "parameters" : {
      "default-url" : "https://bc857718trial-dev-travel-expense-app-app-deployer.cfapps.us10-001.hana.ondemand.com",
      "default-app-name" : "travel_expense_app-app-deployer",
      "generated-password" : "********",
      "default-live-url" : "https://bc857718trial-dev-travel-expense-app-app-deployer.cfapps.us10-001.hana.ondemand.com",
      "default-uri" : "bc857718trial-dev-travel-expense-app-app-deployer.cfapps.us10-001.hana.ondemand.com",
      "default-instances" : 1,
      "default-live-host" : "bc857718trial-dev-travel-expense-app-app-deployer",
      "instances" : 1,
      "default-host" : "bc857718trial-dev-travel-expense-app-app-deployer",
      "app-name" : "travel_expense_app-app-deployer",
      "default-live-uri" : "bc857718trial-dev-travel-expense-app-app-deployer.cfapps.us10-001.hana.ondemand.com",
      "protocol" : "https",
      "default-live-app-name" : "travel_expense_app-app-deployer",
      "default-live-domain" : "cfapps.us10-001.hana.ondemand.com",
      "domain" : "cfapps.us10-001.hana.ondemand.com",
      "host" : "bc857718trial-dev-travel-expense-app-app-deployer",
      "generated-user" : "********"
    },
    "requiredDependencies" : [ {
      "majorSchemaVersion" : 3,
      "name" : "srv-api",
      "properties" : { },
      "parameters" : { },
      "propertiesMetadata" : {
        "metadata" : { }
      },
      "parametersMetadata" : {
        "metadata" : { }
      }
    }, {
      "majorSchemaVersion" : 3,
      "name" : "travel_expense_app-html5-repo-host",
      "properties" : { },
      "parameters" : {
        "config" : {
          "HTML5Runtime_enabled" : true
        },
        "content-target" : true
      },
      "propertiesMetadata" : {
        "metadata" : { }
      },
      "parametersMetadata" : {
        "metadata" : { }
      }
    } ],
    "providedDependencies" : [ {
      "majorSchemaVersion" : 3,
      "name" : "travel_expense_app-app-deployer",
      "isPublic" : false,
      "properties" : { },
      "parameters" : { },
      "propertiesMetadata" : {
        "metadata" : { }
      },
      "parametersMetadata" : {
        "metadata" : { }
      }
    } ],
    "propertiesMetadata" : {
      "metadata" : { }
    },
    "parametersMetadata" : {
      "metadata" : { }
    },
    "hooks" : [ ]
  }, {
    "majorSchemaVersion" : 3,
    "name" : "travel_expense_app-destinations",
    "type" : "com.sap.application.content",
    "properties" : { },
    "parameters" : {
      "default-url" : "https://bc857718trial-dev-travel-expense-app-destinations.cfapps.us10-001.hana.ondemand.com",
      "default-app-name" : "travel_expense_app-destinations",
      "generated-password" : "********",
      "default-live-url" : "https://bc857718trial-dev-travel-expense-app-destinations.cfapps.us10-001.hana.ondemand.com",
      "default-uri" : "bc857718trial-dev-travel-expense-app-destinations.cfapps.us10-001.hana.ondemand.com",
      "default-instances" : 1,
      "default-live-host" : "bc857718trial-dev-travel-expense-app-destinations",
      "instances" : 1,
      "default-host" : "bc857718trial-dev-travel-expense-app-destinations",
      "content" : {
        "instance" : {
          "destinations" : [ {
            "Name" : "travel_expense_app-html5-repository",
            "ServiceInstanceName" : "travel_expense_app-html5-repo-host",
            "ServiceKeyName" : "********",
            "sap.cloud.service" : "travel_expense_app.service"
          } ],
          "existing_destinations_policy" : "update"
        }
      },
      "app-name" : "travel_expense_app-destinations",
      "default-live-uri" : "bc857718trial-dev-travel-expense-app-destinations.cfapps.us10-001.hana.ondemand.com",
      "protocol" : "https",
      "default-live-app-name" : "travel_expense_app-destinations",
      "default-live-domain" : "cfapps.us10-001.hana.ondemand.com",
      "domain" : "cfapps.us10-001.hana.ondemand.com",
      "host" : "bc857718trial-dev-travel-expense-app-destinations",
      "generated-user" : "********"
    },
    "requiredDependencies" : [ {
      "majorSchemaVersion" : 3,
      "name" : "travel_expense_app-html5-repo-host",
      "properties" : { },
      "parameters" : {
        "service-key" : "********"
      },
      "propertiesMetadata" : {
        "metadata" : { }
      },
      "parametersMetadata" : {
        "metadata" : { }
      }
    }, {
      "majorSchemaVersion" : 3,
      "name" : "srv-api",
      "properties" : { },
      "parameters" : { },
      "propertiesMetadata" : {
        "metadata" : { }
      },
      "parametersMetadata" : {
        "metadata" : { }
      }
    }, {
      "majorSchemaVersion" : 3,
      "name" : "travel_expense_app-destination",
      "properties" : { },
      "parameters" : {
        "content-target" : true
      },
      "propertiesMetadata" : {
        "metadata" : { }
      },
      "parametersMetadata" : {
        "metadata" : { }
      }
    } ],
    "providedDependencies" : [ {
      "majorSchemaVersion" : 3,
      "name" : "travel_expense_app-destinations",
      "isPublic" : false,
      "properties" : { },
      "parameters" : { },
      "propertiesMetadata" : {
        "metadata" : { }
      },
      "parametersMetadata" : {
        "metadata" : { }
      }
    } ],
    "propertiesMetadata" : {
      "metadata" : { }
    },
    "parametersMetadata" : {
      "metadata" : { }
    },
    "hooks" : [ ]
  } ],
  "resources" : [ {
    "majorSchemaVersion" : 3,
    "name" : "travel_expense_app-db",
    "type" : "com.sap.xs.hdi-container",
    "properties" : { },
    "parameters" : {
      "generated-password" : "********",
      "service-name" : "travel_expense_app-db",
      "service-plan" : "hdi-shared",
      "service" : "hana",
      "generated-user" : "********",
      "default-xsappname" : "travel_expense_app-db",
      "type" : "managed-service",
      "default-service-name" : "travel_expense_app-db",
      "default-container-name" : "BC857718TRIAL_DEV_TRAVEL_EXPENSE_APP_DB"
    },
    "isActive" : true,
    "isOptional" : false,
    "propertiesMetadata" : {
      "metadata" : { }
    },
    "parametersMetadata" : {
      "metadata" : { }
    },
    "requiredDependencies" : [ ],
    "processedAfter" : [ ]
  }, {
    "majorSchemaVersion" : 3,
    "name" : "travel_expense_app-destination",
    "type" : "org.cloudfoundry.managed-service",
    "properties" : { },
    "parameters" : {
      "generated-password" : "********",
      "service-name" : "travel_expense_app-destination",
      "service-plan" : "lite",
      "service" : "destination",
      "generated-user" : "********",
      "default-xsappname" : "travel_expense_app-destination",
      "type" : "managed-service",
      "config" : {
        "HTML5Runtime_enabled" : true,
        "init_data" : {
          "instance" : {
            "destinations" : [ {
              "Authentication" : "********",
              "HTML5.DynamicDestination" : true,
              "HTML5.ForwardAuthToken" : "********",
              "Name" : "srv-api",
              "ProxyType" : "Internet",
              "Type" : "HTTP",
              "URL" : "https://bc857718trial-dev-travel-expense-app-srv.cfapps.us10-001.hana.ondemand.com"
            } ],
            "existing_destinations_policy" : "update"
          }
        }
      },
      "default-service-name" : "travel_expense_app-destination",
      "default-container-name" : "BC857718TRIAL_DEV_TRAVEL_EXPENSE_APP_DESTINATION"
    },
    "isActive" : true,
    "isOptional" : false,
    "propertiesMetadata" : {
      "metadata" : { }
    },
    "parametersMetadata" : {
      "metadata" : { }
    },
    "requiredDependencies" : [ {
      "majorSchemaVersion" : 3,
      "name" : "srv-api",
      "properties" : { },
      "parameters" : { },
      "propertiesMetadata" : {
        "metadata" : { }
      },
      "parametersMetadata" : {
        "metadata" : { }
      }
    } ],
    "processedAfter" : [ ]
  }, {
    "majorSchemaVersion" : 3,
    "name" : "travel_expense_app-html5-repo-host",
    "type" : "org.cloudfoundry.managed-service",
    "properties" : { },
    "parameters" : {
      "generated-password" : "********",
      "service-name" : "travel_expense_app-html5-repo-host",
      "service-plan" : "app-host",
      "service" : "html5-apps-repo",
      "generated-user" : "********",
      "default-xsappname" : "travel_expense_app-html5-repo-host",
      "type" : "managed-service",
      "default-service-name" : "travel_expense_app-html5-repo-host",
      "default-container-name" : "BC857718TRIAL_DEV_TRAVEL_EXPENSE_APP_HTML5_REPO_HOST"
    },
    "isActive" : true,
    "isOptional" : false,
    "propertiesMetadata" : {
      "metadata" : { }
    },
    "parametersMetadata" : {
      "metadata" : { }
    },
    "requiredDependencies" : [ ],
    "processedAfter" : [ ]
  }, {
    "majorSchemaVersion" : 3,
    "name" : "travel_expense_app-html5-runtime",
    "type" : "org.cloudfoundry.managed-service",
    "properties" : { },
    "parameters" : {
      "generated-password" : "********",
      "service-name" : "travel_expense_app-html5-runtime",
      "service-plan" : "app-runtime",
      "service" : "html5-apps-repo",
      "generated-user" : "********",
      "default-xsappname" : "travel_expense_app-html5-runtime",
      "type" : "managed-service",
      "default-service-name" : "travel_expense_app-html5-runtime",
      "default-container-name" : "BC857718TRIAL_DEV_TRAVEL_EXPENSE_APP_HTML5_RUNTIME"
    },
    "isActive" : true,
    "isOptional" : false,
    "propertiesMetadata" : {
      "metadata" : { }
    },
    "parametersMetadata" : {
      "metadata" : { }
    },
    "requiredDependencies" : [ ],
    "processedAfter" : [ ]
  }, {
    "majorSchemaVersion" : 3,
    "name" : "xsuaa-service",
    "type" : "org.cloudfoundry.managed-service",
    "properties" : { },
    "parameters" : {
      "generated-password" : "********",
      "path" : "./xs-security.json",
      "service-name" : "xsuaa-service",
      "service-plan" : "application",
      "service" : "xsuaa",
      "generated-user" : "********",
      "default-xsappname" : "xsuaa-service",
      "type" : "managed-service",
      "default-service-name" : "xsuaa-service",
      "default-container-name" : "BC857718TRIAL_DEV_XSUAA_SERVICE"
    },
    "isActive" : true,
    "isOptional" : false,
    "propertiesMetadata" : {
      "metadata" : { }
    },
    "parametersMetadata" : {
      "metadata" : { }
    },
    "requiredDependencies" : [ ],
    "processedAfter" : [ ]
  } ],
  "parameters" : {
    "deploy_mode" : "html5-repo",
    "mta-id" : "travel_expense_app",
    "authorization-url" : "********",
    "org-guid" : "a60e8087-87c3-481b-a9dc-503c803f5b82",
    "org" : "bc857718trial",
    "deploy-target" : "bc857718trial dev",
    "enable-parallel-deployments" : true,
    "region-primary-domain" : "us10.hana.ondemand.com",
    "space" : "dev",
    "region-domain" : "us10-001.hana.ondemand.com",
    "xs-api-url" : "https://api.cf.us10-001.hana.ondemand.com",
    "deploy-url" : "deploy-service.cfapps.us10-001.hana.ondemand.com",
    "xs-type" : "CF",
    "default-domain" : "cfapps.us10-001.hana.ondemand.com",
    "mta-version" : "1.0.0",
    "xs-auth-url" : "********",
    "space-guid" : "b3040adf-9a0c-491b-b2f3-ae2e732cc19f",
    "user" : "********",
    "controller-url" : "https://api.cf.us10-001.hana.ondemand.com",
    "timestamp" : "20260508085513"
  },
  "parametersMetadata" : {
    "metadata" : { }
  }
}#
#2026 05 08 08:55:15.106#Z#DEBUG#a05cc58a-4abb-11f1-b3e9-eeee0a988dc4.OPERATION#flowable-async-job-executor-thread-1645#
[ProcessDescriptorStep] Merged descriptor properties and parameters resolved#
#2026 05 08 08:55:15.107#Z#DEBUG#a05cc58a-4abb-11f1-b3e9-eeee0a988dc4.OPERATION#flowable-async-job-executor-thread-1645#
Step "Process Descriptor Step" finished#
#2026 05 08 08:55:15.166#Z#DEBUG#a05cc58a-4abb-11f1-b3e9-eeee0a988dc4.OPERATION#flowable-async-job-executor-thread-1647#
[XS2BuildCloudDeployModelStep] Executing task "buildDeployModelTask" of process "a05cc5b0-4abb-11f1-b3e9-eeee0a988dc4"...#
#2026 05 08 08:55:15.171#Z#DEBUG#a05cc58a-4abb-11f1-b3e9-eeee0a988dc4.OPERATION#flowable-async-job-executor-thread-1647#
[XS2BuildCloudDeployModelStep] Service keys defined for content deployment grouped by service name: {
  "travel_expense_app-html5-repo-host" : [ {
    "name" : "********",
    "v3Metadata" : {
      "annotations" : {
        "mta_id" : "travel_expense_app",
        "mta_version" : "1.0.0"
      },
      "labels" : {
        "mta_id" : "45b7891e9290cbb36bc01fbcee45f305",
        "space_guid" : "b3040adf-9a0c-491b-b2f3-ae2e732cc19f"
      }
    },
    "credentials" : "********",
    "moduleName" : "travel_expense_app-app-deployer",
    "resourceName" : "travel_expense_app-html5-repo-host",
    "serviceInstance" : {
      "isOptional" : false,
      "isManaged" : false,
      "name" : "travel_expense_app-html5-repo-host",
      "credentials" : "********",
      "tags" : [ ],
      "shouldSkipParametersUpdate" : false,
      "shouldSkipPlanUpdate" : false,
      "shouldSkipTagsUpdate" : false,
      "shouldSkipSyslogUrlUpdate" : false
    },
    "shouldDeleteServiceKeyAfterDeploy" : "********",
    "resourceType" : "org.cloudfoundry.managed-service"
  }, {
    "name" : "********",
    "v3Metadata" : {
      "annotations" : {
        "mta_id" : "travel_expense_app",
        "mta_version" : "1.0.0"
      },
      "labels" : {
        "mta_id" : "45b7891e9290cbb36bc01fbcee45f305",
        "space_guid" : "b3040adf-9a0c-491b-b2f3-ae2e732cc19f"
      }
    },
    "credentials" : "********",
    "moduleName" : "travel_expense_app-destinations",
    "resourceName" : "travel_expense_app-html5-repo-host",
    "serviceInstance" : {
      "isOptional" : false,
      "isManaged" : false,
      "name" : "travel_expense_app-html5-repo-host",
      "credentials" : "********",
      "tags" : [ ],
      "shouldSkipParametersUpdate" : false,
      "shouldSkipPlanUpdate" : false,
      "shouldSkipTagsUpdate" : false,
      "shouldSkipSyslogUrlUpdate" : false
    },
    "shouldDeleteServiceKeyAfterDeploy" : "********",
    "resourceType" : "org.cloudfoundry.managed-service"
  } ],
  "travel_expense_app-destination" : [ {
    "name" : "********",
    "v3Metadata" : {
      "annotations" : {
        "mta_id" : "travel_expense_app",
        "mta_version" : "1.0.0"
      },
      "labels" : {
        "mta_id" : "45b7891e9290cbb36bc01fbcee45f305",
        "space_guid" : "b3040adf-9a0c-491b-b2f3-ae2e732cc19f"
      }
    },
    "credentials" : "********",
    "moduleName" : "travel_expense_app-destinations",
    "resourceName" : "travel_expense_app-destination",
    "serviceInstance" : {
      "isOptional" : false,
      "isManaged" : false,
      "name" : "travel_expense_app-destination",
      "credentials" : "********",
      "tags" : [ ],
      "shouldSkipParametersUpdate" : false,
      "shouldSkipPlanUpdate" : false,
      "shouldSkipTagsUpdate" : false,
      "shouldSkipSyslogUrlUpdate" : false
    },
    "shouldDeleteServiceKeyAfterDeploy" : "********",
    "resourceType" : "org.cloudfoundry.managed-service"
  } ]
}#
#2026 05 08 08:55:15.172#Z#DEBUG#a05cc58a-4abb-11f1-b3e9-eeee0a988dc4.OPERATION#flowable-async-job-executor-thread-1647#
[XS2BuildCloudDeployModelStep] Building cloud deployment model...#
#2026 05 08 08:55:15.175#Z#DEBUG#a05cc58a-4abb-11f1-b3e9-eeee0a988dc4.OPERATION#flowable-async-job-executor-thread-1647#
[XS2BuildCloudDeployModelStep] MTA archive modules: [travel_expense_app, travel_expense_app-srv, travel_expense_app-db-deployer, travel_expense_app-app-deployer]#
#2026 05 08 08:55:15.175#Z#DEBUG#a05cc58a-4abb-11f1-b3e9-eeee0a988dc4.OPERATION#flowable-async-job-executor-thread-1647#
[XS2BuildCloudDeployModelStep] Deployed modules: [travel_expense_app, travel_expense_app-db-deployer, travel_expense_app-srv]#
#2026 05 08 08:55:15.176#Z#DEBUG#a05cc58a-4abb-11f1-b3e9-eeee0a988dc4.OPERATION#flowable-async-job-executor-thread-1647#
[XS2BuildCloudDeployModelStep] MTA modules: [travel_expense_app-destinations, travel_expense_app, travel_expense_app-srv, travel_expense_app-db-deployer, travel_expense_app-app-deployer]#
#2026 05 08 08:55:15.177#Z#DEBUG#a05cc58a-4abb-11f1-b3e9-eeee0a988dc4.OPERATION#flowable-async-job-executor-thread-1647#
[XS2BuildCloudDeployModelStep] Service keys to create: {
  "travel_expense_app-html5-repo-host" : [ ],
  "travel_expense_app-html5-runtime" : [ ],
  "travel_expense_app-db" : [ ],
  "travel_expense_app-destination" : [ ],
  "xsuaa-service" : [ ]
}#
#2026 05 08 08:55:15.183#Z#DEBUG#a05cc58a-4abb-11f1-b3e9-eeee0a988dc4.OPERATION#flowable-async-job-executor-thread-1647#
[XS2BuildCloudDeployModelStep] Modules to deploy: [{
  "majorSchemaVersion" : 3,
  "name" : "travel_expense_app-srv",
  "type" : "javascript.nodejs",
  "path" : "travel_expense_app-srv",
  "properties" : { },
  "parameters" : {
    "default-url" : "https://bc857718trial-dev-travel-expense-app-srv.cfapps.us10-001.hana.ondemand.com",
    "default-app-name" : "travel_expense_app-srv",
    "generated-password" : "********",
    "default-live-url" : "https://bc857718trial-dev-travel-expense-app-srv.cfapps.us10-001.hana.ondemand.com",
    "default-uri" : "bc857718trial-dev-travel-expense-app-srv.cfapps.us10-001.hana.ondemand.com",
    "default-instances" : 1,
    "default-live-host" : "bc857718trial-dev-travel-expense-app-srv",
    "instances" : 1,
    "buildpack" : "nodejs_buildpack",
    "default-host" : "bc857718trial-dev-travel-expense-app-srv",
    "app-name" : "travel_expense_app-srv",
    "default-live-uri" : "bc857718trial-dev-travel-expense-app-srv.cfapps.us10-001.hana.ondemand.com",
    "protocol" : "https",
    "default-live-app-name" : "travel_expense_app-srv",
    "default-live-domain" : "cfapps.us10-001.hana.ondemand.com",
    "dependency-type" : "soft",
    "domain" : "cfapps.us10-001.hana.ondemand.com",
    "host" : "bc857718trial-dev-travel-expense-app-srv",
    "generated-user" : "********"
  },
  "requiredDependencies" : [ {
    "majorSchemaVersion" : 3,
    "name" : "travel_expense_app-db",
    "properties" : { },
    "parameters" : { },
    "propertiesMetadata" : {
      "metadata" : { }
    },
    "parametersMetadata" : {
      "metadata" : { }
    }
  }, {
    "majorSchemaVersion" : 3,
    "name" : "travel_expense_app-destination",
    "properties" : { },
    "parameters" : { },
    "propertiesMetadata" : {
      "metadata" : { }
    },
    "parametersMetadata" : {
      "metadata" : { }
    }
  } ],
  "providedDependencies" : [ {
    "majorSchemaVersion" : 3,
    "name" : "srv-api",
    "isPublic" : false,
    "properties" : {
      "srv-url" : "https://bc857718trial-dev-travel-expense-app-srv.cfapps.us10-001.hana.ondemand.com"
    },
    "parameters" : { },
    "propertiesMetadata" : {
      "metadata" : { }
    },
    "parametersMetadata" : {
      "metadata" : { }
    }
  }, {
    "majorSchemaVersion" : 3,
    "name" : "travel_expense_app-srv",
    "isPublic" : false,
    "properties" : { },
    "parameters" : { },
    "propertiesMetadata" : {
      "metadata" : { }
    },
    "parametersMetadata" : {
      "metadata" : { }
    }
  } ],
  "propertiesMetadata" : {
    "metadata" : { }
  },
  "parametersMetadata" : {
    "metadata" : { }
  },
  "deployedAfter" : [ ],
  "hooks" : [ ]
}, {
  "majorSchemaVersion" : 3,
  "name" : "travel_expense_app-db-deployer",
  "type" : "com.sap.xs.hdi",
  "path" : "travel_expense_app-db-deployer",
  "properties" : {
    "EXIT" : 1
  },
  "parameters" : {
    "default-url" : "https://bc857718trial-dev-travel-expense-app-db-deployer.cfapps.us10-001.hana.ondemand.com",
    "default-app-name" : "travel_expense_app-db-deployer",
    "generated-password" : "********",
    "default-live-url" : "https://bc857718trial-dev-travel-expense-app-db-deployer.cfapps.us10-001.hana.ondemand.com",
    "default-uri" : "bc857718trial-dev-travel-expense-app-db-deployer.cfapps.us10-001.hana.ondemand.com",
    "memory" : "256M",
    "default-instances" : 1,
    "no-route" : true,
    "default-live-host" : "bc857718trial-dev-travel-expense-app-db-deployer",
    "instances" : 1,
    "buildpack" : "nodejs_buildpack",
    "default-host" : "bc857718trial-dev-travel-expense-app-db-deployer",
    "app-name" : "travel_expense_app-db-deployer",
    "default-live-uri" : "bc857718trial-dev-travel-expense-app-db-deployer.cfapps.us10-001.hana.ondemand.com",
    "protocol" : "https",
    "default-live-app-name" : "travel_expense_app-db-deployer",
    "default-live-domain" : "cfapps.us10-001.hana.ondemand.com",
    "dependency-type" : "hard",
    "domain" : "cfapps.us10-001.hana.ondemand.com",
    "host" : "bc857718trial-dev-travel-expense-app-db-deployer",
    "generated-user" : "********",
    "tasks" : [ {
      "command" : "npm start",
      "memory" : "256M",
      "name" : "deploy"
    } ],
    "no-start" : true
  },
  "requiredDependencies" : [ {
    "majorSchemaVersion" : 3,
    "name" : "travel_expense_app-db",
    "properties" : { },
    "parameters" : { },
    "propertiesMetadata" : {
      "metadata" : { }
    },
    "parametersMetadata" : {
      "metadata" : { }
    }
  } ],
  "providedDependencies" : [ {
    "majorSchemaVersion" : 3,
    "name" : "travel_expense_app-db-deployer",
    "isPublic" : false,
    "properties" : { },
    "parameters" : { },
    "propertiesMetadata" : {
      "metadata" : { }
    },
    "parametersMetadata" : {
      "metadata" : { }
    }
  } ],
  "propertiesMetadata" : {
    "metadata" : { }
  },
  "parametersMetadata" : {
    "metadata" : { }
  },
  "deployedAfter" : [ ],
  "hooks" : [ ]
}, {
  "majorSchemaVersion" : 3,
  "name" : "travel_expense_app",
  "type" : "javascript.nodejs",
  "path" : "travel_expense_app",
  "properties" : { },
  "parameters" : {
    "default-url" : "https://bc857718trial-dev-travel-expense-app.cfapps.us10-001.hana.ondemand.com",
    "default-app-name" : "travel_expense_app",
    "generated-password" : "********",
    "default-live-url" : "https://bc857718trial-dev-travel-expense-app.cfapps.us10-001.hana.ondemand.com",
    "default-uri" : "bc857718trial-dev-travel-expense-app.cfapps.us10-001.hana.ondemand.com",
    "memory" : "256M",
    "default-instances" : 1,
    "default-live-host" : "bc857718trial-dev-travel-expense-app",
    "instances" : 1,
    "default-host" : "bc857718trial-dev-travel-expense-app",
    "keep-existing-routes" : true,
    "app-name" : "travel_expense_app",
    "default-live-uri" : "bc857718trial-dev-travel-expense-app.cfapps.us10-001.hana.ondemand.com",
    "protocol" : "https",
    "default-live-app-name" : "travel_expense_app",
    "default-live-domain" : "cfapps.us10-001.hana.ondemand.com",
    "disk-quota" : "256M",
    "dependency-type" : "soft",
    "domain" : "cfapps.us10-001.hana.ondemand.com",
    "host" : "bc857718trial-dev-travel-expense-app",
    "generated-user" : "********"
  },
  "requiredDependencies" : [ {
    "majorSchemaVersion" : 3,
    "name" : "srv-api",
    "group" : "destinations",
    "properties" : {
      "name" : "srv-api",
      "forwardAuthToken" : "********",
      "url" : "https://bc857718trial-dev-travel-expense-app-srv.cfapps.us10-001.hana.ondemand.com"
    },
    "parameters" : { },
    "propertiesMetadata" : {
      "metadata" : { }
    },
    "parametersMetadata" : {
      "metadata" : { }
    }
  }, {
    "majorSchemaVersion" : 3,
    "name" : "travel_expense_app-html5-runtime",
    "properties" : { },
    "parameters" : { },
    "propertiesMetadata" : {
      "metadata" : { }
    },
    "parametersMetadata" : {
      "metadata" : { }
    }
  }, {
    "majorSchemaVersion" : 3,
    "name" : "xsuaa-service",
    "properties" : { },
    "parameters" : { },
    "propertiesMetadata" : {
      "metadata" : { }
    },
    "parametersMetadata" : {
      "metadata" : { }
    }
  } ],
  "providedDependencies" : [ {
    "majorSchemaVersion" : 3,
    "name" : "app-api",
    "isPublic" : false,
    "properties" : {
      "app-protocol" : "https",
      "app-uri" : "bc857718trial-dev-travel-expense-app.cfapps.us10-001.hana.ondemand.com"
    },
    "parameters" : { },
    "propertiesMetadata" : {
      "metadata" : { }
    },
    "parametersMetadata" : {
      "metadata" : { }
    }
  }, {
    "majorSchemaVersion" : 3,
    "name" : "travel_expense_app",
    "isPublic" : false,
    "properties" : { },
    "parameters" : { },
    "propertiesMetadata" : {
      "metadata" : { }
    },
    "parametersMetadata" : {
      "metadata" : { }
    }
  } ],
  "propertiesMetadata" : {
    "metadata" : { }
  },
  "parametersMetadata" : {
    "metadata" : { }
  },
  "deployedAfter" : [ ],
  "hooks" : [ ]
}, {
  "majorSchemaVersion" : 3,
  "name" : "travel_expense_app-app-deployer",
  "type" : "com.sap.application.content",
  "path" : "travel_expense_app-app-deployer",
  "properties" : { },
  "parameters" : {
    "default-url" : "https://bc857718trial-dev-travel-expense-app-app-deployer.cfapps.us10-001.hana.ondemand.com",
    "default-app-name" : "travel_expense_app-app-deployer",
    "generated-password" : "********",
    "default-live-url" : "https://bc857718trial-dev-travel-expense-app-app-deployer.cfapps.us10-001.hana.ondemand.com",
    "default-uri" : "bc857718trial-dev-travel-expense-app-app-deployer.cfapps.us10-001.hana.ondemand.com",
    "default-instances" : 1,
    "default-live-host" : "bc857718trial-dev-travel-expense-app-app-deployer",
    "instances" : 1,
    "default-host" : "bc857718trial-dev-travel-expense-app-app-deployer",
    "app-name" : "travel_expense_app-app-deployer",
    "default-live-uri" : "bc857718trial-dev-travel-expense-app-app-deployer.cfapps.us10-001.hana.ondemand.com",
    "protocol" : "https",
    "default-live-app-name" : "travel_expense_app-app-deployer",
    "default-live-domain" : "cfapps.us10-001.hana.ondemand.com",
    "dependency-type" : "soft",
    "domain" : "cfapps.us10-001.hana.ondemand.com",
    "host" : "bc857718trial-dev-travel-expense-app-app-deployer",
    "generated-user" : "********"
  },
  "requiredDependencies" : [ {
    "majorSchemaVersion" : 3,
    "name" : "srv-api",
    "properties" : { },
    "parameters" : { },
    "propertiesMetadata" : {
      "metadata" : { }
    },
    "parametersMetadata" : {
      "metadata" : { }
    }
  }, {
    "majorSchemaVersion" : 3,
    "name" : "travel_expense_app-html5-repo-host",
    "properties" : { },
    "parameters" : {
      "config" : {
        "HTML5Runtime_enabled" : true
      },
      "content-target" : true
    },
    "propertiesMetadata" : {
      "metadata" : { }
    },
    "parametersMetadata" : {
      "metadata" : { }
    }
  } ],
  "providedDependencies" : [ {
    "majorSchemaVersion" : 3,
    "name" : "travel_expense_app-app-deployer",
    "isPublic" : false,
    "properties" : { },
    "parameters" : { },
    "propertiesMetadata" : {
      "metadata" : { }
    },
    "parametersMetadata" : {
      "metadata" : { }
    }
  } ],
  "propertiesMetadata" : {
    "metadata" : { }
  },
  "parametersMetadata" : {
    "metadata" : { }
  },
  "deployedAfter" : [ ],
  "hooks" : [ ]
}, {
  "majorSchemaVersion" : 3,
  "name" : "travel_expense_app-destinations",
  "type" : "com.sap.application.content",
  "properties" : { },
  "parameters" : {
    "default-url" : "https://bc857718trial-dev-travel-expense-app-destinations.cfapps.us10-001.hana.ondemand.com",
    "default-app-name" : "travel_expense_app-destinations",
    "generated-password" : "********",
    "default-live-url" : "https://bc857718trial-dev-travel-expense-app-destinations.cfapps.us10-001.hana.ondemand.com",
    "default-uri" : "bc857718trial-dev-travel-expense-app-destinations.cfapps.us10-001.hana.ondemand.com",
    "default-instances" : 1,
    "default-live-host" : "bc857718trial-dev-travel-expense-app-destinations",
    "instances" : 1,
    "default-host" : "bc857718trial-dev-travel-expense-app-destinations",
    "content" : {
      "instance" : {
        "destinations" : [ {
          "Name" : "travel_expense_app-html5-repository",
          "ServiceInstanceName" : "travel_expense_app-html5-repo-host",
          "ServiceKeyName" : "********",
          "sap.cloud.service" : "travel_expense_app.service"
        } ],
        "existing_destinations_policy" : "update"
      }
    },
    "app-name" : "travel_expense_app-destinations",
    "default-live-uri" : "bc857718trial-dev-travel-expense-app-destinations.cfapps.us10-001.hana.ondemand.com",
    "protocol" : "https",
    "default-live-app-name" : "travel_expense_app-destinations",
    "default-live-domain" : "cfapps.us10-001.hana.ondemand.com",
    "dependency-type" : "soft",
    "domain" : "cfapps.us10-001.hana.ondemand.com",
    "host" : "bc857718trial-dev-travel-expense-app-destinations",
    "generated-user" : "********"
  },
  "requiredDependencies" : [ {
    "majorSchemaVersion" : 3,
    "name" : "travel_expense_app-html5-repo-host",
    "properties" : { },
    "parameters" : {
      "service-key" : "********"
    },
    "propertiesMetadata" : {
      "metadata" : { }
    },
    "parametersMetadata" : {
      "metadata" : { }
    }
  }, {
    "majorSchemaVersion" : 3,
    "name" : "srv-api",
    "properties" : { },
    "parameters" : { },
    "propertiesMetadata" : {
      "metadata" : { }
    },
    "parametersMetadata" : {
      "metadata" : { }
    }
  }, {
    "majorSchemaVersion" : 3,
    "name" : "travel_expense_app-destination",
    "properties" : { },
    "parameters" : {
      "content-target" : true
    },
    "propertiesMetadata" : {
      "metadata" : { }
    },
    "parametersMetadata" : {
      "metadata" : { }
    }
  } ],
  "providedDependencies" : [ {
    "majorSchemaVersion" : 3,
    "name" : "travel_expense_app-destinations",
    "isPublic" : false,
    "properties" : { },
    "parameters" : { },
    "propertiesMetadata" : {
      "metadata" : { }
    },
    "parametersMetadata" : {
      "metadata" : { }
    }
  } ],
  "propertiesMetadata" : {
    "metadata" : { }
  },
  "parametersMetadata" : {
    "metadata" : { }
  },
  "deployedAfter" : [ ],
  "hooks" : [ ]
}]#
#2026 05 08 08:55:15.184#Z#DEBUG#a05cc58a-4abb-11f1-b3e9-eeee0a988dc4.OPERATION#flowable-async-job-executor-thread-1647#
[XS2BuildCloudDeployModelStep] Custom domains: []#
#2026 05 08 08:55:15.187#Z#DEBUG#a05cc58a-4abb-11f1-b3e9-eeee0a988dc4.OPERATION#flowable-async-job-executor-thread-1647#
[XS2BuildCloudDeployModelStep] Calculating resource batches...#
#2026 05 08 08:55:15.187#Z#DEBUG#a05cc58a-4abb-11f1-b3e9-eeee0a988dc4.OPERATION#flowable-async-job-executor-thread-1647#
[XS2BuildCloudDeployModelStep] Calculating resource batches completed.#
#2026 05 08 08:55:15.187#Z#DEBUG#a05cc58a-4abb-11f1-b3e9-eeee0a988dc4.OPERATION#flowable-async-job-executor-thread-1647#
[XS2BuildCloudDeployModelStep] Cloud deployment model built#
#2026 05 08 08:55:15.187#Z#DEBUG#a05cc58a-4abb-11f1-b3e9-eeee0a988dc4.OPERATION#flowable-async-job-executor-thread-1647#
Step "Build Deploy Model" finished#
#2026 05 08 08:55:15.251#Z#DEBUG#a05cc58a-4abb-11f1-b3e9-eeee0a988dc4.OPERATION#flowable-async-job-executor-thread-1648#
[BuildCloudUndeployModelStep] Executing task "buildUndeployModelTask" of process "a05cc5b0-4abb-11f1-b3e9-eeee0a988dc4"...#
#2026 05 08 08:55:15.253#Z#DEBUG#a05cc58a-4abb-11f1-b3e9-eeee0a988dc4.OPERATION#flowable-async-job-executor-thread-1648#
[BuildCloudUndeployModelStep] Building cloud undeployment model...#
#2026 05 08 08:55:15.256#Z#DEBUG#a05cc58a-4abb-11f1-b3e9-eeee0a988dc4.OPERATION#flowable-async-job-executor-thread-1648#
[BuildCloudUndeployModelStep] Detecting service keys to delete.#
#2026 05 08 08:55:15.258#Z#DEBUG#a05cc58a-4abb-11f1-b3e9-eeee0a988dc4.OPERATION#flowable-async-job-executor-thread-1648#
[BuildCloudUndeployModelStep] Detected deployed service keys by service "{travel_expense_app-html5-repo-host=[DeployedMtaServiceKey{name=travel_expense_app-html5-repo-host-key, metadata=CloudMetadata{guid=5cf28fa0-adef-4a04-9c2c-17bab39b4dcc, createdAt=2026-04-29T09:00:40, updatedAt=2026-04-29T09:00:41, url=null}, v3Metadata=Metadata{annotations={mta_version=1.0.0, mta_id=travel_expense_app}, labels={mta_id=45b7891e9290cbb36bc01fbcee45f305, space_guid=b3040adf-9a0c-491b-b2f3-ae2e732cc19f}}, credentials=null, serviceInstance=CloudServiceInstance{name=travel_expense_app-html5-repo-host, metadata=CloudMetadata{guid=6d8e8984-b6a6-412c-acac-79229ce392bb, createdAt=2026-04-29T09:00:14, updatedAt=2026-04-29T09:00:15, url=null}, v3Metadata=Metadata{annotations={mta_id=travel_expense_app, mta_version=1.0.0, mta_resource={"name":"travel_expense_app-html5-repo-host"}}, labels={mta_id=45b7891e9290cbb36bc01fbcee45f305}}, label=null, plan=null, provider=null, broker=null, version=null, credentials={}, syslogDrainUrl=null, tags=[], type=managed, lastOperation=null}, serviceKeyOperation=null, resourceName=null}, DeployedMtaServiceKey{name=travel_expense_app-app-deployer-travel_expense_app-html5-repo-host-credentials, metadata=CloudMetadata{guid=e266e7bf-8fdf-494a-b62e-7e51b13e746c, createdAt=2026-04-29T09:00:40, updatedAt=2026-04-29T09:00:41, url=null}, v3Metadata=Metadata{annotations={mta_id=travel_expense_app, mta_version=1.0.0}, labels={mta_id=45b7891e9290cbb36bc01fbcee45f305, space_guid=b3040adf-9a0c-491b-b2f3-ae2e732cc19f}}, credentials=null, serviceInstance=CloudServiceInstance{name=travel_expense_app-html5-repo-host, metadata=CloudMetadata{guid=6d8e8984-b6a6-412c-acac-79229ce392bb, createdAt=2026-04-29T09:00:14, updatedAt=2026-04-29T09:00:15, url=null}, v3Metadata=Metadata{annotations={mta_id=travel_expense_app, mta_version=1.0.0, mta_resource={"name":"travel_expense_app-html5-repo-host"}}, labels={mta_id=45b7891e9290cbb36bc01fbcee45f305}}, label=null, plan=null, provider=null, broker=null, version=null, credentials={}, syslogDrainUrl=null, tags=[], type=managed, lastOperation=null}, serviceKeyOperation=null, resourceName=null}], travel_expense_app-destination=[DeployedMtaServiceKey{name=travel_expense_app-destinations-travel_expense_app-destination-credentials, metadata=CloudMetadata{guid=2c64c452-d72f-4cbb-a984-7178d6c765a7, createdAt=2026-04-29T09:00:40, updatedAt=2026-04-29T09:00:41, url=null}, v3Metadata=Metadata{annotations={mta_id=travel_expense_app, mta_version=1.0.0}, labels={mta_id=45b7891e9290cbb36bc01fbcee45f305, space_guid=b3040adf-9a0c-491b-b2f3-ae2e732cc19f}}, credentials=null, serviceInstance=CloudServiceInstance{name=travel_expense_app-destination, metadata=CloudMetadata{guid=4a6291ef-7fc1-42bd-95ff-7b5741b24e37, createdAt=2026-04-29T09:00:22, updatedAt=2026-04-29T09:00:25, url=null}, v3Metadata=Metadata{annotations={mta_id=travel_expense_app, mta_version=1.0.0, mta_resource={"name":"travel_expense_app-destination"}}, labels={mta_id=45b7891e9290cbb36bc01fbcee45f305}}, label=null, plan=null, provider=null, broker=null, version=null, credentials={}, syslogDrainUrl=null, tags=[], type=managed, lastOperation=null}, serviceKeyOperation=null, resourceName=null}]}"#
#2026 05 08 08:55:15.261#Z#DEBUG#a05cc58a-4abb-11f1-b3e9-eeee0a988dc4.OPERATION#flowable-async-job-executor-thread-1648#
[BuildCloudUndeployModelStep] New service keys by service "{travel_expense_app-html5-repo-host=[travel_expense_app-app-deployer-travel_expense_app-html5-repo-host-credentials, travel_expense_app-html5-repo-host-key], travel_expense_app-destination=[travel_expense_app-destinations-travel_expense_app-destination-credentials]}"#
#2026 05 08 08:55:15.267#Z#DEBUG#a05cc58a-4abb-11f1-b3e9-eeee0a988dc4.OPERATION#flowable-async-job-executor-thread-1648#
[BuildCloudUndeployModelStep] Existing service keys by service "{}"#
#2026 05 08 08:55:15.267#Z#DEBUG#a05cc58a-4abb-11f1-b3e9-eeee0a988dc4.OPERATION#flowable-async-job-executor-thread-1648#
[BuildCloudUndeployModelStep] Detected service keys to delete "[]"#
#2026 05 08 08:55:15.274#Z#DEBUG#a05cc58a-4abb-11f1-b3e9-eeee0a988dc4.OPERATION#flowable-async-job-executor-thread-1648#
[BuildCloudUndeployModelStep] MTA modules: [travel_expense_app-destinations, travel_expense_app, travel_expense_app-srv, travel_expense_app-db-deployer, travel_expense_app-app-deployer]#
#2026 05 08 08:55:15.274#Z#DEBUG#a05cc58a-4abb-11f1-b3e9-eeee0a988dc4.OPERATION#flowable-async-job-executor-thread-1648#
[BuildCloudUndeployModelStep] Modules to undeploy: [ ]#
#2026 05 08 08:55:15.274#Z#DEBUG#a05cc58a-4abb-11f1-b3e9-eeee0a988dc4.OPERATION#flowable-async-job-executor-thread-1648#
[BuildCloudUndeployModelStep] Modules that won't be changed: [ ]#
#2026 05 08 08:55:15.276#Z#DEBUG#a05cc58a-4abb-11f1-b3e9-eeee0a988dc4.OPERATION#flowable-async-job-executor-thread-1648#
[BuildCloudUndeployModelStep] Subscriptions to delete: [ ]#
#2026 05 08 08:55:15.279#Z#DEBUG#a05cc58a-4abb-11f1-b3e9-eeee0a988dc4.OPERATION#flowable-async-job-executor-thread-1648#
[BuildCloudUndeployModelStep] Cloud services to delete: []#
#2026 05 08 08:55:15.279#Z#DEBUG#a05cc58a-4abb-11f1-b3e9-eeee0a988dc4.OPERATION#flowable-async-job-executor-thread-1648#
[BuildCloudUndeployModelStep] Cloud applications to undeploy: [ ]#
#2026 05 08 08:55:15.282#Z#DEBUG#a05cc58a-4abb-11f1-b3e9-eeee0a988dc4.OPERATION#flowable-async-job-executor-thread-1648#
[BuildCloudUndeployModelStep] Cloud undeployment model built#
#2026 05 08 08:55:15.282#Z#DEBUG#a05cc58a-4abb-11f1-b3e9-eeee0a988dc4.OPERATION#flowable-async-job-executor-thread-1648#
Step "Build Undeploy Model" finished#
#2026 05 08 08:55:15.332#Z#DEBUG#a05cc58a-4abb-11f1-b3e9-eeee0a988dc4.OPERATION#flowable-async-job-executor-thread-1649#
[AddDomainsStep] Executing task "addDomainsTask" of process "a05cc5b0-4abb-11f1-b3e9-eeee0a988dc4"...#
#2026 05 08 08:55:15.335#Z#DEBUG#a05cc58a-4abb-11f1-b3e9-eeee0a988dc4.OPERATION#flowable-async-job-executor-thread-1649#
[AddDomainsStep] Custom domains: []#
#2026 05 08 08:55:15.335#Z#DEBUG#a05cc58a-4abb-11f1-b3e9-eeee0a988dc4.OPERATION#flowable-async-job-executor-thread-1649#
Step "Add Domains" finished#
#2026 05 08 08:55:15.507#Z#DEBUG#a05cc58a-4abb-11f1-b3e9-eeee0a988dc4.OPERATION#flowable-async-job-executor-thread-1649#
[ExtractBatchedServicesWithResolvedDynamicParametersStep] Executing task "prepareModulesDeploymentTask" of process "a1836b70-4abb-11f1-b3e9-eeee0a988dc4"...#
#2026 05 08 08:55:15.508#Z#DEBUG#a05cc58a-4abb-11f1-b3e9-eeee0a988dc4.OPERATION#flowable-async-job-executor-thread-1649#
[ExtractBatchedServicesWithResolvedDynamicParametersStep] Extracting services and resolving dynamic parameters from batch#
#2026 05 08 08:55:15.510#Z#DEBUG#a05cc58a-4abb-11f1-b3e9-eeee0a988dc4.OPERATION#flowable-async-job-executor-thread-1649#
[ExtractBatchedServicesWithResolvedDynamicParametersStep] Services to create: [ {
  "isOptional" : false,
  "isManaged" : true,
  "name" : "travel_expense_app-db",
  "v3Metadata" : {
    "annotations" : {
      "mta_id" : "travel_expense_app",
      "mta_version" : "1.0.0",
      "mta_resource" : "{\"name\":\"travel_expense_app-db\"}"
    },
    "labels" : {
      "mta_id" : "45b7891e9290cbb36bc01fbcee45f305"
    }
  },
  "label" : "hana",
  "plan" : "hdi-shared",
  "credentials" : "********",
  "tags" : [ ],
  "type" : "managed",
  "resourceName" : "travel_expense_app-db",
  "shouldSkipParametersUpdate" : false,
  "shouldSkipPlanUpdate" : false,
  "shouldSkipTagsUpdate" : false,
  "shouldSkipSyslogUrlUpdate" : false
}, {
  "isOptional" : false,
  "isManaged" : true,
  "name" : "travel_expense_app-destination",
  "v3Metadata" : {
    "annotations" : {
      "mta_id" : "travel_expense_app",
      "mta_version" : "1.0.0",
      "mta_resource" : "{\"name\":\"travel_expense_app-destination\"}"
    },
    "labels" : {
      "mta_id" : "45b7891e9290cbb36bc01fbcee45f305"
    }
  },
  "label" : "destination",
  "plan" : "lite",
  "credentials" : "********",
  "tags" : [ ],
  "type" : "managed",
  "resourceName" : "travel_expense_app-destination",
  "shouldSkipParametersUpdate" : false,
  "shouldSkipPlanUpdate" : false,
  "shouldSkipTagsUpdate" : false,
  "shouldSkipSyslogUrlUpdate" : false
}, {
  "isOptional" : false,
  "isManaged" : true,
  "name" : "travel_expense_app-html5-repo-host",
  "v3Metadata" : {
    "annotations" : {
      "mta_id" : "travel_expense_app",
      "mta_version" : "1.0.0",
      "mta_resource" : "{\"name\":\"travel_expense_app-html5-repo-host\"}"
    },
    "labels" : {
      "mta_id" : "45b7891e9290cbb36bc01fbcee45f305"
    }
  },
  "label" : "html5-apps-repo",
  "plan" : "app-host",
  "credentials" : "********",
  "tags" : [ ],
  "type" : "managed",
  "resourceName" : "travel_expense_app-html5-repo-host",
  "shouldSkipParametersUpdate" : false,
  "shouldSkipPlanUpdate" : false,
  "shouldSkipTagsUpdate" : false,
  "shouldSkipSyslogUrlUpdate" : false
}, {
  "isOptional" : false,
  "isManaged" : true,
  "name" : "travel_expense_app-html5-runtime",
  "v3Metadata" : {
    "annotations" : {
      "mta_id" : "travel_expense_app",
      "mta_version" : "1.0.0",
      "mta_resource" : "{\"name\":\"travel_expense_app-html5-runtime\"}"
    },
    "labels" : {
      "mta_id" : "45b7891e9290cbb36bc01fbcee45f305"
    }
  },
  "label" : "html5-apps-repo",
  "plan" : "app-runtime",
  "credentials" : "********",
  "tags" : [ ],
  "type" : "managed",
  "resourceName" : "travel_expense_app-html5-runtime",
  "shouldSkipParametersUpdate" : false,
  "shouldSkipPlanUpdate" : false,
  "shouldSkipTagsUpdate" : false,
  "shouldSkipSyslogUrlUpdate" : false
}, {
  "isOptional" : false,
  "isManaged" : true,
  "name" : "xsuaa-service",
  "v3Metadata" : {
    "annotations" : {
      "mta_id" : "travel_expense_app",
      "mta_version" : "1.0.0",
      "mta_resource" : "{\"name\":\"xsuaa-service\"}"
    },
    "labels" : {
      "mta_id" : "45b7891e9290cbb36bc01fbcee45f305"
    }
  },
  "label" : "xsuaa",
  "plan" : "application",
  "credentials" : "********",
  "tags" : [ ],
  "type" : "managed",
  "resourceName" : "xsuaa-service",
  "shouldSkipParametersUpdate" : false,
  "shouldSkipPlanUpdate" : false,
  "shouldSkipTagsUpdate" : false,
  "shouldSkipSyslogUrlUpdate" : false
} ]#
#2026 05 08 08:55:15.511#Z#DEBUG#a05cc58a-4abb-11f1-b3e9-eeee0a988dc4.OPERATION#flowable-async-job-executor-thread-1649#
Step "Extract Services with Resolved Dynamic parameters from batch" finished#
#2026 05 08 08:55:15.652#Z#DEBUG#a05cc58a-4abb-11f1-b3e9-eeee0a988dc4.OPERATION#flowable-async-job-executor-thread-1650#
[CheckServiceOperationStateStep] Executing task "CheckServiceOperationStateTask" of process "a19ce62d-4abb-11f1-b3e9-eeee0a988dc4"...#
#2026 05 08 08:55:15.654#Z#DEBUG#a05cc58a-4abb-11f1-b3e9-eeee0a988dc4.OPERATION#flowable-async-job-executor-thread-1650#
[CheckServiceOperationStateStep] Getting service instance "travel_expense_app-destination"...#
#2026 05 08 08:55:15.764#Z#DEBUG#a05cc58a-4abb-11f1-b3e9-eeee0a988dc4.OPERATION#flowable-async-job-executor-thread-1650#
Step "Check for service operations in Progress" finished#
#2026 05 08 08:55:15.805#Z#DEBUG#a05cc58a-4abb-11f1-b3e9-eeee0a988dc4.OPERATION#flowable-async-job-executor-thread-1650#
[DetermineServiceCreateUpdateServiceActionsStep] Executing task "DetermineServiceCreateUpdateActionsTask" of process "a19ce62d-4abb-11f1-b3e9-eeee0a988dc4"...#
#2026 05 08 08:55:15.808#Z#INFO#a05cc58a-4abb-11f1-b3e9-eeee0a988dc4.OPERATION#flowable-async-job-executor-thread-1650#
[DetermineServiceCreateUpdateServiceActionsStep] Processing service "travel_expense_app-destination"...#
#2026 05 08 08:55:15.815#Z#DEBUG#a05cc58a-4abb-11f1-b3e9-eeee0a988dc4.OPERATION#flowable-async-job-executor-thread-1650#
[DetermineServiceCreateUpdateServiceActionsStep] Getting service instance "travel_expense_app-destination"...#
#2026 05 08 08:55:15.916#Z#DEBUG#a05cc58a-4abb-11f1-b3e9-eeee0a988dc4.OPERATION#flowable-async-job-executor-thread-1650#
[DetermineServiceCreateUpdateServiceActionsStep] Existing service: {
  "name" : "travel_expense_app-destination",
  "metadata" : {
    "guid" : "4a6291ef-7fc1-42bd-95ff-7b5741b24e37",
    "createdAt" : [ 2026, 4, 29, 9, 0, 22 ],
    "updatedAt" : [ 2026, 4, 29, 9, 0, 25 ]
  },
  "v3Metadata" : {
    "annotations" : {
      "mta_id" : "travel_expense_app",
      "mta_version" : "1.0.0",
      "mta_resource" : "{\"name\":\"travel_expense_app-destination\"}"
    },
    "labels" : {
      "mta_id" : "45b7891e9290cbb36bc01fbcee45f305"
    }
  },
  "label" : "destination",
  "plan" : "lite",
  "credentials" : "********",
  "tags" : [ ],
  "type" : "managed",
  "lastOperation" : {
    "type" : "UPDATE",
    "description" : "",
    "state" : "SUCCEEDED"
  }
}#
#2026 05 08 08:55:15.916#Z#DEBUG#a05cc58a-4abb-11f1-b3e9-eeee0a988dc4.OPERATION#flowable-async-job-executor-thread-1650#
[DetermineServiceCreateUpdateServiceActionsStep] Service parameters will be updated#
#2026 05 08 08:55:15.916#Z#DEBUG#a05cc58a-4abb-11f1-b3e9-eeee0a988dc4.OPERATION#flowable-async-job-executor-thread-1650#
[DetermineServiceCreateUpdateServiceActionsStep] New parameters: {
  "HTML5Runtime_enabled" : true,
  "init_data" : {
    "instance" : {
      "destinations" : [ {
        "Authentication" : "********",
        "HTML5.DynamicDestination" : true,
        "HTML5.ForwardAuthToken" : "********",
        "Name" : "srv-api",
        "ProxyType" : "Internet",
        "Type" : "HTTP",
        "URL" : "https://bc857718trial-dev-travel-expense-app-srv.cfapps.us10-001.hana.ondemand.com"
      } ],
      "existing_destinations_policy" : "update"
    }
  }
}#
#2026 05 08 08:55:15.917#Z#DEBUG#a05cc58a-4abb-11f1-b3e9-eeee0a988dc4.OPERATION#flowable-async-job-executor-thread-1650#
Step "Determine update actions" finished#
#2026 05 08 08:55:15.984#Z#DEBUG#a05cc58a-4abb-11f1-b3e9-eeee0a988dc4.OPERATION#flowable-async-job-executor-thread-1650#
[CheckForServiceBindingOrKeyOperationStep] Executing task "CheckForServiceBindingOrKeyCreation" of process "a19ce62d-4abb-11f1-b3e9-eeee0a988dc4"...#
#2026 05 08 08:55:15.987#Z#DEBUG#a05cc58a-4abb-11f1-b3e9-eeee0a988dc4.OPERATION#flowable-async-job-executor-thread-1650#
Step "Check for service binding or key creation" finished#
#2026 05 08 08:55:16.043#Z#DEBUG#a05cc58a-4abb-11f1-b3e9-eeee0a988dc4.OPERATION#flowable-async-job-executor-thread-1650#
[UpdateServiceParametersStep] Executing task "UpdateServiceParametersTask" of process "a19ce62d-4abb-11f1-b3e9-eeee0a988dc4"...#
#2026 05 08 08:55:16.048#Z#INFO#a05cc58a-4abb-11f1-b3e9-eeee0a988dc4.OPERATION#flowable-async-job-executor-thread-1650#
[UpdateServiceParametersStep] Updating service "travel_expense_app-destination"...#
#2026 05 08 08:55:16.055#Z#DEBUG#a05cc58a-4abb-11f1-b3e9-eeee0a988dc4.OPERATION#flowable-async-job-executor-thread-1650#
[UpdateServiceParametersStep] Updating service parameters for service "travel_expense_app-destination"...#
#2026 05 08 08:55:16.170#Z#DEBUG#a05cc58a-4abb-11f1-b3e9-eeee0a988dc4.OPERATION#flowable-async-job-executor-thread-1650#
[UpdateServiceParametersStep] Service "travel_expense_app-destination" updated#
#2026 05 08 08:55:16.170#Z#DEBUG#a05cc58a-4abb-11f1-b3e9-eeee0a988dc4.OPERATION#flowable-async-job-executor-thread-1650#
[UpdateServiceParametersStep] Triggered service operations: {
  "travel_expense_app-destination" : "UPDATE"
}#
#2026 05 08 08:55:16.174#Z#DEBUG#a05cc58a-4abb-11f1-b3e9-eeee0a988dc4.OPERATION#flowable-async-job-executor-thread-1650#
Step "Update parameters" finished#
#2026 05 08 08:55:17.549#Z#DEBUG#a05cc58a-4abb-11f1-b3e9-eeee0a988dc4.OPERATION#flowable-async-job-executor-thread-2458#
[CheckServiceOperationStateStep] Executing task "CheckServiceOperationStateTask" of process "a2c22cc5-4abb-11f1-8e79-eeee0a981393"...#
#2026 05 08 08:55:17.609#Z#DEBUG#a05cc58a-4abb-11f1-b3e9-eeee0a988dc4.OPERATION#flowable-async-job-executor-thread-2458#
[CheckServiceOperationStateStep] Getting service instance "travel_expense_app-db"...#
#2026 05 08 08:55:17.717#Z#DEBUG#a05cc58a-4abb-11f1-b3e9-eeee0a988dc4.OPERATION#flowable-async-job-executor-thread-2458#
Step "Check for service operations in Progress" finished#
#2026 05 08 08:55:17.735#Z#DEBUG#a05cc58a-4abb-11f1-b3e9-eeee0a988dc4.OPERATION#flowable-async-job-executor-thread-2458#
[DetermineServiceCreateUpdateServiceActionsStep] Executing task "DetermineServiceCreateUpdateActionsTask" of process "a2c22cc5-4abb-11f1-8e79-eeee0a981393"...#
#2026 05 08 08:55:17.736#Z#INFO#a05cc58a-4abb-11f1-b3e9-eeee0a988dc4.OPERATION#flowable-async-job-executor-thread-2458#
[DetermineServiceCreateUpdateServiceActionsStep] Processing service "travel_expense_app-db"...#
#2026 05 08 08:55:17.738#Z#DEBUG#a05cc58a-4abb-11f1-b3e9-eeee0a988dc4.OPERATION#flowable-async-job-executor-thread-2458#
[DetermineServiceCreateUpdateServiceActionsStep] Getting service instance "travel_expense_app-db"...#
#2026 05 08 08:55:17.829#Z#DEBUG#a05cc58a-4abb-11f1-b3e9-eeee0a988dc4.OPERATION#flowable-async-job-executor-thread-2458#
[DetermineServiceCreateUpdateServiceActionsStep] Existing service: {
  "name" : "travel_expense_app-db",
  "metadata" : {
    "guid" : "daae0034-c699-4bcc-8912-7006cb2c1882",
    "createdAt" : [ 2026, 4, 30, 6, 55, 5 ],
    "updatedAt" : [ 2026, 4, 30, 6, 55, 5 ]
  },
  "v3Metadata" : {
    "annotations" : {
      "mta_id" : "travel_expense_app",
      "mta_version" : "1.0.0",
      "mta_resource" : "{\"name\":\"travel_expense_app-db\"}"
    },
    "labels" : {
      "mta_id" : "45b7891e9290cbb36bc01fbcee45f305"
    }
  },
  "label" : "hana",
  "plan" : "hdi-shared",
  "credentials" : "********",
  "tags" : [ ],
  "type" : "managed",
  "lastOperation" : {
    "type" : "CREATE",
    "state" : "SUCCEEDED"
  }
}#
#2026 05 08 08:55:17.829#Z#WARN#a05cc58a-4abb-11f1-b3e9-eeee0a988dc4.OPERATION#flowable-async-job-executor-thread-2458#
[DetermineServiceCreateUpdateServiceActionsStep] Service parameters for service "travel_expense_app-db" will not be updated, as the parameters are not defined or empty.#
#2026 05 08 08:55:17.830#Z#DEBUG#a05cc58a-4abb-11f1-b3e9-eeee0a988dc4.OPERATION#flowable-async-job-executor-thread-2458#
Step "Determine update actions" finished#
#2026 05 08 08:55:17.855#Z#DEBUG#a05cc58a-4abb-11f1-b3e9-eeee0a988dc4.OPERATION#flowable-async-job-executor-thread-2458#
[CheckForServiceBindingOrKeyOperationStep] Executing task "CheckForServiceBindingOrKeyCreation" of process "a2c22cc5-4abb-11f1-8e79-eeee0a981393"...#
#2026 05 08 08:55:17.856#Z#DEBUG#a05cc58a-4abb-11f1-b3e9-eeee0a988dc4.OPERATION#flowable-async-job-executor-thread-2458#
Step "Check for service binding or key creation" finished#
#2026 05 08 08:55:17.644#Z#DEBUG#a05cc58a-4abb-11f1-b3e9-eeee0a988dc4.OPERATION#flowable-async-job-executor-thread-1846#
[CheckServiceOperationStateStep] Executing task "CheckServiceOperationStateTask" of process "a2ce3a34-4abb-11f1-bd76-eeee0a83fd1e"...#
#2026 05 08 08:55:17.721#Z#DEBUG#a05cc58a-4abb-11f1-b3e9-eeee0a988dc4.OPERATION#flowable-async-job-executor-thread-1846#
[CheckServiceOperationStateStep] Getting service instance "xsuaa-service"...#
#2026 05 08 08:55:17.866#Z#DEBUG#a05cc58a-4abb-11f1-b3e9-eeee0a988dc4.OPERATION#flowable-async-job-executor-thread-1846#
Step "Check for service operations in Progress" finished#
#2026 05 08 08:55:17.918#Z#DEBUG#a05cc58a-4abb-11f1-b3e9-eeee0a988dc4.OPERATION#flowable-async-job-executor-thread-1847#
[DetermineServiceCreateUpdateServiceActionsStep] Executing task "DetermineServiceCreateUpdateActionsTask" of process "a2ce3a34-4abb-11f1-bd76-eeee0a83fd1e"...#
#2026 05 08 08:55:17.922#Z#INFO#a05cc58a-4abb-11f1-b3e9-eeee0a988dc4.OPERATION#flowable-async-job-executor-thread-1847#
[DetermineServiceCreateUpdateServiceActionsStep] Processing service "xsuaa-service"...#
#2026 05 08 08:55:17.928#Z#DEBUG#a05cc58a-4abb-11f1-b3e9-eeee0a988dc4.OPERATION#flowable-async-job-executor-thread-1847#
[DetermineServiceCreateUpdateServiceActionsStep] Getting service instance "xsuaa-service"...#
#2026 05 08 08:55:18.054#Z#INFO#a05cc58a-4abb-11f1-b3e9-eeee0a988dc4.OPERATION#flowable-async-job-executor-thread-1847#
[DetermineServiceCreateUpdateServiceActionsStep] Setting service "xsuaa-service" parameters from "xs-security.json"#
#2026 05 08 08:55:18.099#Z#DEBUG#a05cc58a-4abb-11f1-b3e9-eeee0a988dc4.OPERATION#flowable-async-job-executor-thread-1847#
[DetermineServiceCreateUpdateServiceActionsStep] Existing service: {
  "name" : "xsuaa-service",
  "metadata" : {
    "guid" : "e22238b8-b5be-4128-ab2c-9a5632469276",
    "createdAt" : [ 2026, 4, 30, 4, 42, 18 ],
    "updatedAt" : [ 2026, 4, 30, 4, 42, 18 ]
  },
  "v3Metadata" : {
    "annotations" : {
      "mta_id" : "travel_expense_app",
      "mta_version" : "1.0.0",
      "mta_resource" : "{\"name\":\"xsuaa-service\"}"
    },
    "labels" : {
      "mta_id" : "45b7891e9290cbb36bc01fbcee45f305"
    }
  },
  "label" : "xsuaa",
  "plan" : "application",
  "credentials" : "********",
  "tags" : [ ],
  "type" : "managed",
  "lastOperation" : {
    "type" : "UPDATE",
    "description" : "",
    "state" : "SUCCEEDED"
  }
}#
#2026 05 08 08:55:18.099#Z#DEBUG#a05cc58a-4abb-11f1-b3e9-eeee0a988dc4.OPERATION#flowable-async-job-executor-thread-1847#
[DetermineServiceCreateUpdateServiceActionsStep] Service parameters will be updated#
#2026 05 08 08:55:18.099#Z#DEBUG#a05cc58a-4abb-11f1-b3e9-eeee0a988dc4.OPERATION#flowable-async-job-executor-thread-1847#
[DetermineServiceCreateUpdateServiceActionsStep] New parameters: {
  "oauth2-configuration" : "********",
  "tenant-mode" : "dedicated",
  "xsappname" : "travel-expense-app"
}#
#2026 05 08 08:55:18.099#Z#DEBUG#a05cc58a-4abb-11f1-b3e9-eeee0a988dc4.OPERATION#flowable-async-job-executor-thread-1847#
Step "Determine update actions" finished#
#2026 05 08 08:55:18.155#Z#DEBUG#a05cc58a-4abb-11f1-b3e9-eeee0a988dc4.OPERATION#flowable-async-job-executor-thread-1848#
[CheckForServiceBindingOrKeyOperationStep] Executing task "CheckForServiceBindingOrKeyCreation" of process "a2ce3a34-4abb-11f1-bd76-eeee0a83fd1e"...#
#2026 05 08 08:55:18.158#Z#DEBUG#a05cc58a-4abb-11f1-b3e9-eeee0a988dc4.OPERATION#flowable-async-job-executor-thread-1848#
Step "Check for service binding or key creation" finished#
#2026 05 08 08:55:18.206#Z#DEBUG#a05cc58a-4abb-11f1-b3e9-eeee0a988dc4.OPERATION#flowable-async-job-executor-thread-1849#
[UpdateServiceParametersStep] Executing task "UpdateServiceParametersTask" of process "a2ce3a34-4abb-11f1-bd76-eeee0a83fd1e"...#
#2026 05 08 08:55:18.209#Z#INFO#a05cc58a-4abb-11f1-b3e9-eeee0a988dc4.OPERATION#flowable-async-job-executor-thread-1849#
[UpdateServiceParametersStep] Updating service "xsuaa-service"...#
#2026 05 08 08:55:18.217#Z#DEBUG#a05cc58a-4abb-11f1-b3e9-eeee0a988dc4.OPERATION#flowable-async-job-executor-thread-1849#
[UpdateServiceParametersStep] Updating service parameters for service "xsuaa-service"...#
#2026 05 08 08:55:18.311#Z#DEBUG#a05cc58a-4abb-11f1-b3e9-eeee0a988dc4.OPERATION#flowable-async-job-executor-thread-1849#
[UpdateServiceParametersStep] Service "xsuaa-service" updated#
#2026 05 08 08:55:18.311#Z#DEBUG#a05cc58a-4abb-11f1-b3e9-eeee0a988dc4.OPERATION#flowable-async-job-executor-thread-1849#
[UpdateServiceParametersStep] Triggered service operations: {
  "xsuaa-service" : "UPDATE"
}#
#2026 05 08 08:55:18.312#Z#DEBUG#a05cc58a-4abb-11f1-b3e9-eeee0a988dc4.OPERATION#flowable-async-job-executor-thread-1849#
Step "Update parameters" finished#
#2026 05 08 08:55:20.557#Z#DEBUG#a05cc58a-4abb-11f1-b3e9-eeee0a988dc4.OPERATION#flowable-async-job-executor-thread-2462#
[CheckServiceOperationStateStep] Executing task "CheckServiceOperationStateTask" of process "a48d01b4-4abb-11f1-8e79-eeee0a981393"...#
#2026 05 08 08:55:20.557#Z#DEBUG#a05cc58a-4abb-11f1-b3e9-eeee0a988dc4.OPERATION#flowable-async-job-executor-thread-2462#
[CheckServiceOperationStateStep] Getting service instance "travel_expense_app-html5-repo-host"...#
#2026 05 08 08:55:20.671#Z#DEBUG#a05cc58a-4abb-11f1-b3e9-eeee0a988dc4.OPERATION#flowable-async-job-executor-thread-2462#
Step "Check for service operations in Progress" finished#
#2026 05 08 08:55:20.677#Z#DEBUG#a05cc58a-4abb-11f1-b3e9-eeee0a988dc4.OPERATION#flowable-async-job-executor-thread-1652#
[CheckServiceOperationStateStep] Executing task "CheckServiceOperationStateTask" of process "a49b5976-4abb-11f1-b3e9-eeee0a988dc4"...#
#2026 05 08 08:55:20.679#Z#DEBUG#a05cc58a-4abb-11f1-b3e9-eeee0a988dc4.OPERATION#flowable-async-job-executor-thread-1652#
[CheckServiceOperationStateStep] Getting service instance "travel_expense_app-html5-runtime"...#
#2026 05 08 08:55:20.781#Z#DEBUG#a05cc58a-4abb-11f1-b3e9-eeee0a988dc4.OPERATION#flowable-async-job-executor-thread-1652#
Step "Check for service operations in Progress" finished#
#2026 05 08 08:55:20.690#Z#DEBUG#a05cc58a-4abb-11f1-b3e9-eeee0a988dc4.OPERATION#flowable-async-job-executor-thread-2462#
[DetermineServiceCreateUpdateServiceActionsStep] Executing task "DetermineServiceCreateUpdateActionsTask" of process "a48d01b4-4abb-11f1-8e79-eeee0a981393"...#
#2026 05 08 08:55:20.691#Z#INFO#a05cc58a-4abb-11f1-b3e9-eeee0a988dc4.OPERATION#flowable-async-job-executor-thread-2462#
[DetermineServiceCreateUpdateServiceActionsStep] Processing service "travel_expense_app-html5-repo-host"...#
#2026 05 08 08:55:20.694#Z#DEBUG#a05cc58a-4abb-11f1-b3e9-eeee0a988dc4.OPERATION#flowable-async-job-executor-thread-2462#
[DetermineServiceCreateUpdateServiceActionsStep] Getting service instance "travel_expense_app-html5-repo-host"...#
#2026 05 08 08:55:20.799#Z#DEBUG#a05cc58a-4abb-11f1-b3e9-eeee0a988dc4.OPERATION#flowable-async-job-executor-thread-2462#
[DetermineServiceCreateUpdateServiceActionsStep] Existing service: {
  "name" : "travel_expense_app-html5-repo-host",
  "metadata" : {
    "guid" : "6d8e8984-b6a6-412c-acac-79229ce392bb",
    "createdAt" : [ 2026, 4, 29, 9, 0, 14 ],
    "updatedAt" : [ 2026, 4, 29, 9, 0, 15 ]
  },
  "v3Metadata" : {
    "annotations" : {
      "mta_id" : "travel_expense_app",
      "mta_version" : "1.0.0",
      "mta_resource" : "{\"name\":\"travel_expense_app-html5-repo-host\"}"
    },
    "labels" : {
      "mta_id" : "45b7891e9290cbb36bc01fbcee45f305"
    }
  },
  "label" : "html5-apps-repo",
  "plan" : "app-host",
  "credentials" : "********",
  "tags" : [ ],
  "type" : "managed",
  "lastOperation" : {
    "type" : "CREATE",
    "description" : "",
    "state" : "SUCCEEDED"
  }
}#
#2026 05 08 08:55:20.799#Z#WARN#a05cc58a-4abb-11f1-b3e9-eeee0a988dc4.OPERATION#flowable-async-job-executor-thread-2462#
[DetermineServiceCreateUpdateServiceActionsStep] Service parameters for service "travel_expense_app-html5-repo-host" will not be updated, as the parameters are not defined or empty.#
#2026 05 08 08:55:20.799#Z#DEBUG#a05cc58a-4abb-11f1-b3e9-eeee0a988dc4.OPERATION#flowable-async-job-executor-thread-2462#
Step "Determine update actions" finished#
#2026 05 08 08:55:20.826#Z#DEBUG#a05cc58a-4abb-11f1-b3e9-eeee0a988dc4.OPERATION#flowable-async-job-executor-thread-2462#
[CheckForServiceBindingOrKeyOperationStep] Executing task "CheckForServiceBindingOrKeyCreation" of process "a48d01b4-4abb-11f1-8e79-eeee0a981393"...#
#2026 05 08 08:55:20.827#Z#DEBUG#a05cc58a-4abb-11f1-b3e9-eeee0a988dc4.OPERATION#flowable-async-job-executor-thread-2462#
Step "Check for service binding or key creation" finished#
#2026 05 08 08:55:20.832#Z#DEBUG#a05cc58a-4abb-11f1-b3e9-eeee0a988dc4.OPERATION#flowable-async-job-executor-thread-1653#
[DetermineServiceCreateUpdateServiceActionsStep] Executing task "DetermineServiceCreateUpdateActionsTask" of process "a49b5976-4abb-11f1-b3e9-eeee0a988dc4"...#
#2026 05 08 08:55:20.835#Z#INFO#a05cc58a-4abb-11f1-b3e9-eeee0a988dc4.OPERATION#flowable-async-job-executor-thread-1653#
[DetermineServiceCreateUpdateServiceActionsStep] Processing service "travel_expense_app-html5-runtime"...#
#2026 05 08 08:55:20.844#Z#DEBUG#a05cc58a-4abb-11f1-b3e9-eeee0a988dc4.OPERATION#flowable-async-job-executor-thread-1653#
[DetermineServiceCreateUpdateServiceActionsStep] Getting service instance "travel_expense_app-html5-runtime"...#
#2026 05 08 08:55:20.955#Z#DEBUG#a05cc58a-4abb-11f1-b3e9-eeee0a988dc4.OPERATION#flowable-async-job-executor-thread-1653#
[DetermineServiceCreateUpdateServiceActionsStep] Existing service: {
  "name" : "travel_expense_app-html5-runtime",
  "metadata" : {
    "guid" : "81f3fb4f-369f-4362-890b-91b269cf1255",
    "createdAt" : [ 2026, 4, 29, 9, 0, 19 ],
    "updatedAt" : [ 2026, 4, 29, 9, 0, 20 ]
  },
  "v3Metadata" : {
    "annotations" : {
      "mta_id" : "travel_expense_app",
      "mta_version" : "1.0.0",
      "mta_resource" : "{\"name\":\"travel_expense_app-html5-runtime\"}"
    },
    "labels" : {
      "mta_id" : "45b7891e9290cbb36bc01fbcee45f305"
    }
  },
  "label" : "html5-apps-repo",
  "plan" : "app-runtime",
  "credentials" : "********",
  "tags" : [ ],
  "type" : "managed",
  "lastOperation" : {
    "type" : "CREATE",
    "description" : "",
    "state" : "SUCCEEDED"
  }
}#
#2026 05 08 08:55:20.955#Z#WARN#a05cc58a-4abb-11f1-b3e9-eeee0a988dc4.OPERATION#flowable-async-job-executor-thread-1653#
[DetermineServiceCreateUpdateServiceActionsStep] Service parameters for service "travel_expense_app-html5-runtime" will not be updated, as the parameters are not defined or empty.#
#2026 05 08 08:55:20.955#Z#DEBUG#a05cc58a-4abb-11f1-b3e9-eeee0a988dc4.OPERATION#flowable-async-job-executor-thread-1653#
Step "Determine update actions" finished#
#2026 05 08 08:55:21.029#Z#DEBUG#a05cc58a-4abb-11f1-b3e9-eeee0a988dc4.OPERATION#flowable-async-job-executor-thread-1654#
[CheckForServiceBindingOrKeyOperationStep] Executing task "CheckForServiceBindingOrKeyCreation" of process "a49b5976-4abb-11f1-b3e9-eeee0a988dc4"...#
#2026 05 08 08:55:21.032#Z#DEBUG#a05cc58a-4abb-11f1-b3e9-eeee0a988dc4.OPERATION#flowable-async-job-executor-thread-1654#
Step "Check for service binding or key creation" finished#
#2026 05 08 08:55:28.711#Z#DEBUG#a05cc58a-4abb-11f1-b3e9-eeee0a988dc4.OPERATION#flowable-async-job-executor-thread-2469#
[UpdateServiceParametersStep] Executing task "UpdateServiceParametersTask" of process "a19ce62d-4abb-11f1-b3e9-eeee0a988dc4"...#
#2026 05 08 08:55:28.711#Z#DEBUG#a05cc58a-4abb-11f1-b3e9-eeee0a988dc4.OPERATION#flowable-async-job-executor-thread-2469#
[UpdateServiceParametersStep] Polling service operations...#
#2026 05 08 08:55:28.712#Z#DEBUG#a05cc58a-4abb-11f1-b3e9-eeee0a988dc4.OPERATION#flowable-async-job-executor-thread-2469#
[UpdateServiceParametersStep] Getting service instance "travel_expense_app-destination"...#
#2026 05 08 08:55:28.772#Z#DEBUG#a05cc58a-4abb-11f1-b3e9-eeee0a988dc4.OPERATION#flowable-async-job-executor-thread-2464#
[UpdateServiceParametersStep] Executing task "UpdateServiceParametersTask" of process "a2ce3a34-4abb-11f1-bd76-eeee0a83fd1e"...#
#2026 05 08 08:55:28.772#Z#DEBUG#a05cc58a-4abb-11f1-b3e9-eeee0a988dc4.OPERATION#flowable-async-job-executor-thread-2464#
[UpdateServiceParametersStep] Polling service operations...#
#2026 05 08 08:55:28.773#Z#DEBUG#a05cc58a-4abb-11f1-b3e9-eeee0a988dc4.OPERATION#flowable-async-job-executor-thread-2464#
[UpdateServiceParametersStep] Getting service instance "xsuaa-service"...#
#2026 05 08 08:55:28.808#Z#DEBUG#a05cc58a-4abb-11f1-b3e9-eeee0a988dc4.OPERATION#flowable-async-job-executor-thread-2469#
[UpdateServiceParametersStep] Last operation for service "travel_expense_app-destination": {
  "type" : "UPDATE",
  "description" : "",
  "state" : "SUCCEEDED"
}#
#2026 05 08 08:55:28.808#Z#DEBUG#a05cc58a-4abb-11f1-b3e9-eeee0a988dc4.OPERATION#flowable-async-job-executor-thread-2469#
[UpdateServiceParametersStep] Service "travel_expense_app-destination" updated#
#2026 05 08 08:55:28.808#Z#INFO#a05cc58a-4abb-11f1-b3e9-eeee0a988dc4.OPERATION#flowable-async-job-executor-thread-2469#
[UpdateServiceParametersStep] 1 of 1 done#
#2026 05 08 08:55:28.812#Z#DEBUG#a05cc58a-4abb-11f1-b3e9-eeee0a988dc4.OPERATION#flowable-async-job-executor-thread-2469#
[UpdateServiceParametersStep] Remaining services to poll: [ ]#
#2026 05 08 08:55:28.812#Z#DEBUG#a05cc58a-4abb-11f1-b3e9-eeee0a988dc4.OPERATION#flowable-async-job-executor-thread-2469#
Step "Update parameters" finished#
#2026 05 08 08:55:28.879#Z#DEBUG#a05cc58a-4abb-11f1-b3e9-eeee0a988dc4.OPERATION#flowable-async-job-executor-thread-2464#
[UpdateServiceParametersStep] Last operation for service "xsuaa-service": {
  "type" : "UPDATE",
  "description" : "",
  "state" : "SUCCEEDED"
}#
#2026 05 08 08:55:28.879#Z#DEBUG#a05cc58a-4abb-11f1-b3e9-eeee0a988dc4.OPERATION#flowable-async-job-executor-thread-2464#
[UpdateServiceParametersStep] Service "xsuaa-service" updated#
#2026 05 08 08:55:28.879#Z#INFO#a05cc58a-4abb-11f1-b3e9-eeee0a988dc4.OPERATION#flowable-async-job-executor-thread-2464#
[UpdateServiceParametersStep] 1 of 1 done#
#2026 05 08 08:55:28.883#Z#DEBUG#a05cc58a-4abb-11f1-b3e9-eeee0a988dc4.OPERATION#flowable-async-job-executor-thread-2464#
[UpdateServiceParametersStep] Remaining services to poll: [ ]#
#2026 05 08 08:55:28.883#Z#DEBUG#a05cc58a-4abb-11f1-b3e9-eeee0a988dc4.OPERATION#flowable-async-job-executor-thread-2464#
Step "Update parameters" finished#
#2026 05 08 08:55:29.222#Z#DEBUG#a05cc58a-4abb-11f1-b3e9-eeee0a988dc4.OPERATION#flowable-async-job-executor-thread-2463#
[PrepareModulesDeploymentStep] Executing task "prepareModulesDeploymentTask" of process "a9a8122f-4abb-11f1-8e79-eeee0a981393"...#
#2026 05 08 08:55:29.222#Z#DEBUG#a05cc58a-4abb-11f1-b3e9-eeee0a988dc4.OPERATION#flowable-async-job-executor-thread-2463#
[PrepareModulesDeploymentStep] Preparing modules deployment...#
#2026 05 08 08:55:29.225#Z#DEBUG#a05cc58a-4abb-11f1-b3e9-eeee0a988dc4.OPERATION#flowable-async-job-executor-thread-2463#
Step "Prepare Modules Deployment" finished#
#2026 05 08 08:55:29.248#Z#DEBUG#a05cc58a-4abb-11f1-b3e9-eeee0a988dc4.OPERATION#flowable-async-job-executor-thread-2463#
[ComputeNextModulesStep] Executing task "computeNextModulesToDeployInParallel" of process "a9a8122f-4abb-11f1-8e79-eeee0a981393"...#
#2026 05 08 08:55:29.248#Z#DEBUG#a05cc58a-4abb-11f1-b3e9-eeee0a988dc4.OPERATION#flowable-async-job-executor-thread-2463#
[ComputeNextModulesStep] Computing modules for next parallel iteration...#
#2026 05 08 08:55:29.250#Z#DEBUG#a05cc58a-4abb-11f1-b3e9-eeee0a988dc4.OPERATION#flowable-async-job-executor-thread-2463#
[ComputeNextModulesStep] Completed modules detected: []#
#2026 05 08 08:55:29.250#Z#DEBUG#a05cc58a-4abb-11f1-b3e9-eeee0a988dc4.OPERATION#flowable-async-job-executor-thread-2463#
[ComputeNextModulesStep] All modules for deploy detected: [travel_expense_app-destinations, travel_expense_app, travel_expense_app-srv, travel_expense_app-db-deployer, travel_expense_app-app-deployer]#
#2026 05 08 08:55:29.250#Z#DEBUG#a05cc58a-4abb-11f1-b3e9-eeee0a988dc4.OPERATION#flowable-async-job-executor-thread-2463#
[ComputeNextModulesStep] Modules not for deploy detected: []#
#2026 05 08 08:55:29.251#Z#DEBUG#a05cc58a-4abb-11f1-b3e9-eeee0a988dc4.OPERATION#flowable-async-job-executor-thread-2463#
[ComputeNextModulesStep] Computed modules for next parallel iteration: [ {
  "majorSchemaVersion" : 3,
  "name" : "travel_expense_app-srv",
  "type" : "javascript.nodejs",
  "path" : "travel_expense_app-srv",
  "properties" : { },
  "parameters" : {
    "app-name" : "travel_expense_app-srv",
    "buildpack" : "nodejs_buildpack",
    "default-app-name" : "travel_expense_app-srv",
    "default-host" : "bc857718trial-dev-travel-expense-app-srv",
    "default-instances" : 1,
    "default-live-app-name" : "travel_expense_app-srv",
    "default-live-domain" : "cfapps.us10-001.hana.ondemand.com",
    "default-live-host" : "bc857718trial-dev-travel-expense-app-srv",
    "default-live-uri" : "bc857718trial-dev-travel-expense-app-srv.cfapps.us10-001.hana.ondemand.com",
    "default-live-url" : "https://bc857718trial-dev-travel-expense-app-srv.cfapps.us10-001.hana.ondemand.com",
    "default-uri" : "bc857718trial-dev-travel-expense-app-srv.cfapps.us10-001.hana.ondemand.com",
    "default-url" : "https://bc857718trial-dev-travel-expense-app-srv.cfapps.us10-001.hana.ondemand.com",
    "dependency-type" : "soft",
    "domain" : "cfapps.us10-001.hana.ondemand.com",
    "generated-password" : "********",
    "generated-user" : "********",
    "host" : "bc857718trial-dev-travel-expense-app-srv",
    "instances" : 1,
    "protocol" : "https"
  },
  "requiredDependencies" : [ {
    "majorSchemaVersion" : 3,
    "name" : "travel_expense_app-db",
    "properties" : { },
    "parameters" : { },
    "propertiesMetadata" : {
      "metadata" : { }
    },
    "parametersMetadata" : {
      "metadata" : { }
    }
  }, {
    "majorSchemaVersion" : 3,
    "name" : "travel_expense_app-destination",
    "properties" : { },
    "parameters" : { },
    "propertiesMetadata" : {
      "metadata" : { }
    },
    "parametersMetadata" : {
      "metadata" : { }
    }
  } ],
  "providedDependencies" : [ {
    "majorSchemaVersion" : 3,
    "name" : "srv-api",
    "isPublic" : false,
    "properties" : {
      "srv-url" : "https://bc857718trial-dev-travel-expense-app-srv.cfapps.us10-001.hana.ondemand.com"
    },
    "parameters" : { },
    "propertiesMetadata" : {
      "metadata" : { }
    },
    "parametersMetadata" : {
      "metadata" : { }
    }
  }, {
    "majorSchemaVersion" : 3,
    "name" : "travel_expense_app-srv",
    "isPublic" : false,
    "properties" : { },
    "parameters" : { },
    "propertiesMetadata" : {
      "metadata" : { }
    },
    "parametersMetadata" : {
      "metadata" : { }
    }
  } ],
  "propertiesMetadata" : {
    "metadata" : { }
  },
  "parametersMetadata" : {
    "metadata" : { }
  },
  "deployedAfter" : [ ],
  "hooks" : [ ]
}, {
  "majorSchemaVersion" : 3,
  "name" : "travel_expense_app-db-deployer",
  "type" : "com.sap.xs.hdi",
  "path" : "travel_expense_app-db-deployer",
  "properties" : {
    "EXIT" : 1
  },
  "parameters" : {
    "app-name" : "travel_expense_app-db-deployer",
    "buildpack" : "nodejs_buildpack",
    "default-app-name" : "travel_expense_app-db-deployer",
    "default-host" : "bc857718trial-dev-travel-expense-app-db-deployer",
    "default-instances" : 1,
    "default-live-app-name" : "travel_expense_app-db-deployer",
    "default-live-domain" : "cfapps.us10-001.hana.ondemand.com",
    "default-live-host" : "bc857718trial-dev-travel-expense-app-db-deployer",
    "default-live-uri" : "bc857718trial-dev-travel-expense-app-db-deployer.cfapps.us10-001.hana.ondemand.com",
    "default-live-url" : "https://bc857718trial-dev-travel-expense-app-db-deployer.cfapps.us10-001.hana.ondemand.com",
    "default-uri" : "bc857718trial-dev-travel-expense-app-db-deployer.cfapps.us10-001.hana.ondemand.com",
    "default-url" : "https://bc857718trial-dev-travel-expense-app-db-deployer.cfapps.us10-001.hana.ondemand.com",
    "dependency-type" : "hard",
    "domain" : "cfapps.us10-001.hana.ondemand.com",
    "generated-password" : "********",
    "generated-user" : "********",
    "host" : "bc857718trial-dev-travel-expense-app-db-deployer",
    "instances" : 1,
    "memory" : "256M",
    "no-route" : true,
    "no-start" : true,
    "protocol" : "https",
    "tasks" : [ {
      "command" : "npm start",
      "memory" : "256M",
      "name" : "deploy"
    } ]
  },
  "requiredDependencies" : [ {
    "majorSchemaVersion" : 3,
    "name" : "travel_expense_app-db",
    "properties" : { },
    "parameters" : { },
    "propertiesMetadata" : {
      "metadata" : { }
    },
    "parametersMetadata" : {
      "metadata" : { }
    }
  } ],
  "providedDependencies" : [ {
    "majorSchemaVersion" : 3,
    "name" : "travel_expense_app-db-deployer",
    "isPublic" : false,
    "properties" : { },
    "parameters" : { },
    "propertiesMetadata" : {
      "metadata" : { }
    },
    "parametersMetadata" : {
      "metadata" : { }
    }
  } ],
  "propertiesMetadata" : {
    "metadata" : { }
  },
  "parametersMetadata" : {
    "metadata" : { }
  },
  "deployedAfter" : [ ],
  "hooks" : [ ]
}, {
  "majorSchemaVersion" : 3,
  "name" : "travel_expense_app",
  "type" : "javascript.nodejs",
  "path" : "travel_expense_app",
  "properties" : { },
  "parameters" : {
    "app-name" : "travel_expense_app",
    "default-app-name" : "travel_expense_app",
    "default-host" : "bc857718trial-dev-travel-expense-app",
    "default-instances" : 1,
    "default-live-app-name" : "travel_expense_app",
    "default-live-domain" : "cfapps.us10-001.hana.ondemand.com",
    "default-live-host" : "bc857718trial-dev-travel-expense-app",
    "default-live-uri" : "bc857718trial-dev-travel-expense-app.cfapps.us10-001.hana.ondemand.com",
    "default-live-url" : "https://bc857718trial-dev-travel-expense-app.cfapps.us10-001.hana.ondemand.com",
    "default-uri" : "bc857718trial-dev-travel-expense-app.cfapps.us10-001.hana.ondemand.com",
    "default-url" : "https://bc857718trial-dev-travel-expense-app.cfapps.us10-001.hana.ondemand.com",
    "dependency-type" : "soft",
    "disk-quota" : "256M",
    "domain" : "cfapps.us10-001.hana.ondemand.com",
    "generated-password" : "********",
    "generated-user" : "********",
    "host" : "bc857718trial-dev-travel-expense-app",
    "instances" : 1,
    "keep-existing-routes" : true,
    "memory" : "256M",
    "protocol" : "https"
  },
  "requiredDependencies" : [ {
    "majorSchemaVersion" : 3,
    "name" : "srv-api",
    "group" : "destinations",
    "properties" : {
      "forwardAuthToken" : "********",
      "name" : "srv-api",
      "url" : "https://bc857718trial-dev-travel-expense-app-srv.cfapps.us10-001.hana.ondemand.com"
    },
    "parameters" : { },
    "propertiesMetadata" : {
      "metadata" : { }
    },
    "parametersMetadata" : {
      "metadata" : { }
    }
  }, {
    "majorSchemaVersion" : 3,
    "name" : "travel_expense_app-html5-runtime",
    "properties" : { },
    "parameters" : { },
    "propertiesMetadata" : {
      "metadata" : { }
    },
    "parametersMetadata" : {
      "metadata" : { }
    }
  }, {
    "majorSchemaVersion" : 3,
    "name" : "xsuaa-service",
    "properties" : { },
    "parameters" : { },
    "propertiesMetadata" : {
      "metadata" : { }
    },
    "parametersMetadata" : {
      "metadata" : { }
    }
  } ],
  "providedDependencies" : [ {
    "majorSchemaVersion" : 3,
    "name" : "app-api",
    "isPublic" : false,
    "properties" : {
      "app-protocol" : "https",
      "app-uri" : "bc857718trial-dev-travel-expense-app.cfapps.us10-001.hana.ondemand.com"
    },
    "parameters" : { },
    "propertiesMetadata" : {
      "metadata" : { }
    },
    "parametersMetadata" : {
      "metadata" : { }
    }
  }, {
    "majorSchemaVersion" : 3,
    "name" : "travel_expense_app",
    "isPublic" : false,
    "properties" : { },
    "parameters" : { },
    "propertiesMetadata" : {
      "metadata" : { }
    },
    "parametersMetadata" : {
      "metadata" : { }
    }
  } ],
  "propertiesMetadata" : {
    "metadata" : { }
  },
  "parametersMetadata" : {
    "metadata" : { }
  },
  "deployedAfter" : [ ],
  "hooks" : [ ]
}, {
  "majorSchemaVersion" : 3,
  "name" : "travel_expense_app-app-deployer",
  "type" : "com.sap.application.content",
  "path" : "travel_expense_app-app-deployer",
  "properties" : { },
  "parameters" : {
    "app-name" : "travel_expense_app-app-deployer",
    "default-app-name" : "travel_expense_app-app-deployer",
    "default-host" : "bc857718trial-dev-travel-expense-app-app-deployer",
    "default-instances" : 1,
    "default-live-app-name" : "travel_expense_app-app-deployer",
    "default-live-domain" : "cfapps.us10-001.hana.ondemand.com",
    "default-live-host" : "bc857718trial-dev-travel-expense-app-app-deployer",
    "default-live-uri" : "bc857718trial-dev-travel-expense-app-app-deployer.cfapps.us10-001.hana.ondemand.com",
    "default-live-url" : "https://bc857718trial-dev-travel-expense-app-app-deployer.cfapps.us10-001.hana.ondemand.com",
    "default-uri" : "bc857718trial-dev-travel-expense-app-app-deployer.cfapps.us10-001.hana.ondemand.com",
    "default-url" : "https://bc857718trial-dev-travel-expense-app-app-deployer.cfapps.us10-001.hana.ondemand.com",
    "dependency-type" : "soft",
    "domain" : "cfapps.us10-001.hana.ondemand.com",
    "generated-password" : "********",
    "generated-user" : "********",
    "host" : "bc857718trial-dev-travel-expense-app-app-deployer",
    "instances" : 1,
    "protocol" : "https"
  },
  "requiredDependencies" : [ {
    "majorSchemaVersion" : 3,
    "name" : "srv-api",
    "properties" : { },
    "parameters" : { },
    "propertiesMetadata" : {
      "metadata" : { }
    },
    "parametersMetadata" : {
      "metadata" : { }
    }
  }, {
    "majorSchemaVersion" : 3,
    "name" : "travel_expense_app-html5-repo-host",
    "properties" : { },
    "parameters" : {
      "config" : {
        "HTML5Runtime_enabled" : true
      },
      "content-target" : true
    },
    "propertiesMetadata" : {
      "metadata" : { }
    },
    "parametersMetadata" : {
      "metadata" : { }
    }
  } ],
  "providedDependencies" : [ {
    "majorSchemaVersion" : 3,
    "name" : "travel_expense_app-app-deployer",
    "isPublic" : false,
    "properties" : { },
    "parameters" : { },
    "propertiesMetadata" : {
      "metadata" : { }
    },
    "parametersMetadata" : {
      "metadata" : { }
    }
  } ],
  "propertiesMetadata" : {
    "metadata" : { }
  },
  "parametersMetadata" : {
    "metadata" : { }
  },
  "deployedAfter" : [ ],
  "hooks" : [ ]
}, {
  "majorSchemaVersion" : 3,
  "name" : "travel_expense_app-destinations",
  "type" : "com.sap.application.content",
  "properties" : { },
  "parameters" : {
    "app-name" : "travel_expense_app-destinations",
    "content" : {
      "instance" : {
        "destinations" : [ {
          "Name" : "travel_expense_app-html5-repository",
          "ServiceInstanceName" : "travel_expense_app-html5-repo-host",
          "ServiceKeyName" : "********",
          "sap.cloud.service" : "travel_expense_app.service"
        } ],
        "existing_destinations_policy" : "update"
      }
    },
    "default-app-name" : "travel_expense_app-destinations",
    "default-host" : "bc857718trial-dev-travel-expense-app-destinations",
    "default-instances" : 1,
    "default-live-app-name" : "travel_expense_app-destinations",
    "default-live-domain" : "cfapps.us10-001.hana.ondemand.com",
    "default-live-host" : "bc857718trial-dev-travel-expense-app-destinations",
    "default-live-uri" : "bc857718trial-dev-travel-expense-app-destinations.cfapps.us10-001.hana.ondemand.com",
    "default-live-url" : "https://bc857718trial-dev-travel-expense-app-destinations.cfapps.us10-001.hana.ondemand.com",
    "default-uri" : "bc857718trial-dev-travel-expense-app-destinations.cfapps.us10-001.hana.ondemand.com",
    "default-url" : "https://bc857718trial-dev-travel-expense-app-destinations.cfapps.us10-001.hana.ondemand.com",
    "dependency-type" : "soft",
    "domain" : "cfapps.us10-001.hana.ondemand.com",
    "generated-password" : "********",
    "generated-user" : "********",
    "host" : "bc857718trial-dev-travel-expense-app-destinations",
    "instances" : 1,
    "protocol" : "https"
  },
  "requiredDependencies" : [ {
    "majorSchemaVersion" : 3,
    "name" : "travel_expense_app-html5-repo-host",
    "properties" : { },
    "parameters" : {
      "service-key" : "********"
    },
    "propertiesMetadata" : {
      "metadata" : { }
    },
    "parametersMetadata" : {
      "metadata" : { }
    }
  }, {
    "majorSchemaVersion" : 3,
    "name" : "srv-api",
    "properties" : { },
    "parameters" : { },
    "propertiesMetadata" : {
      "metadata" : { }
    },
    "parametersMetadata" : {
      "metadata" : { }
    }
  }, {
    "majorSchemaVersion" : 3,
    "name" : "travel_expense_app-destination",
    "properties" : { },
    "parameters" : {
      "content-target" : true
    },
    "propertiesMetadata" : {
      "metadata" : { }
    },
    "parametersMetadata" : {
      "metadata" : { }
    }
  } ],
  "providedDependencies" : [ {
    "majorSchemaVersion" : 3,
    "name" : "travel_expense_app-destinations",
    "isPublic" : false,
    "properties" : { },
    "parameters" : { },
    "propertiesMetadata" : {
      "metadata" : { }
    },
    "parametersMetadata" : {
      "metadata" : { }
    }
  } ],
  "propertiesMetadata" : {
    "metadata" : { }
  },
  "parametersMetadata" : {
    "metadata" : { }
  },
  "deployedAfter" : [ ],
  "hooks" : [ ]
} ]#
#2026 05 08 08:55:29.251#Z#DEBUG#a05cc58a-4abb-11f1-b3e9-eeee0a988dc4.OPERATION#flowable-async-job-executor-thread-2463#
Step "Compute Next Modules To Deploy" finished#
#2026 05 08 08:55:29.362#Z#DEBUG#a05cc58a-4abb-11f1-b3e9-eeee0a988dc4.OPERATION#flowable-async-job-executor-thread-2468#
[ProcessDescriptorStep] Executing task "reprocessDescriptorTask" of process "a9c95696-4abb-11f1-8e79-eeee0a981393"...#
#2026 05 08 08:55:29.363#Z#DEBUG#a05cc58a-4abb-11f1-b3e9-eeee0a988dc4.OPERATION#flowable-async-job-executor-thread-2468#
[ProcessDescriptorStep] Resolving properties and parameters in merged descriptor...#
#2026 05 08 08:55:29.365#Z#DEBUG#a05cc58a-4abb-11f1-b3e9-eeee0a988dc4.OPERATION#flowable-async-job-executor-thread-2468#
[ProcessDescriptorStep] Subscriptions: [ ]#
#2026 05 08 08:55:29.368#Z#DEBUG#a05cc58a-4abb-11f1-b3e9-eeee0a988dc4.OPERATION#flowable-async-job-executor-thread-2468#
[ProcessDescriptorStep] MTA modules: [travel_expense_app-destinations, travel_expense_app, travel_expense_app-srv, travel_expense_app-db-deployer, travel_expense_app-app-deployer]#
#2026 05 08 08:55:29.370#Z#DEBUG#a05cc58a-4abb-11f1-b3e9-eeee0a988dc4.OPERATION#flowable-async-job-executor-thread-2468#
[ProcessDescriptorStep] Resolved deployment descriptor: {
  "majorSchemaVersion" : 3,
  "schemaVersion" : "3.3.0",
  "id" : "travel_expense_app",
  "version" : "1.0.0",
  "modules" : [ {
    "majorSchemaVersion" : 3,
    "name" : "travel_expense_app-srv",
    "type" : "javascript.nodejs",
    "path" : "travel_expense_app-srv",
    "properties" : { },
    "parameters" : {
      "default-url" : "https://bc857718trial-dev-travel-expense-app-srv.cfapps.us10-001.hana.ondemand.com",
      "default-app-name" : "travel_expense_app-srv",
      "generated-password" : "********",
      "default-live-url" : "https://bc857718trial-dev-travel-expense-app-srv.cfapps.us10-001.hana.ondemand.com",
      "default-uri" : "bc857718trial-dev-travel-expense-app-srv.cfapps.us10-001.hana.ondemand.com",
      "default-instances" : 1,
      "default-live-host" : "bc857718trial-dev-travel-expense-app-srv",
      "instances" : 1,
      "buildpack" : "nodejs_buildpack",
      "default-host" : "bc857718trial-dev-travel-expense-app-srv",
      "app-name" : "travel_expense_app-srv",
      "default-live-uri" : "bc857718trial-dev-travel-expense-app-srv.cfapps.us10-001.hana.ondemand.com",
      "protocol" : "https",
      "default-live-app-name" : "travel_expense_app-srv",
      "default-live-domain" : "cfapps.us10-001.hana.ondemand.com",
      "domain" : "cfapps.us10-001.hana.ondemand.com",
      "host" : "bc857718trial-dev-travel-expense-app-srv",
      "generated-user" : "********"
    },
    "requiredDependencies" : [ {
      "majorSchemaVersion" : 3,
      "name" : "travel_expense_app-db",
      "properties" : { },
      "parameters" : { },
      "propertiesMetadata" : {
        "metadata" : { }
      },
      "parametersMetadata" : {
        "metadata" : { }
      }
    }, {
      "majorSchemaVersion" : 3,
      "name" : "travel_expense_app-destination",
      "properties" : { },
      "parameters" : { },
      "propertiesMetadata" : {
        "metadata" : { }
      },
      "parametersMetadata" : {
        "metadata" : { }
      }
    } ],
    "providedDependencies" : [ {
      "majorSchemaVersion" : 3,
      "name" : "srv-api",
      "isPublic" : false,
      "properties" : {
        "srv-url" : "https://bc857718trial-dev-travel-expense-app-srv.cfapps.us10-001.hana.ondemand.com"
      },
      "parameters" : { },
      "propertiesMetadata" : {
        "metadata" : { }
      },
      "parametersMetadata" : {
        "metadata" : { }
      }
    }, {
      "majorSchemaVersion" : 3,
      "name" : "travel_expense_app-srv",
      "isPublic" : false,
      "properties" : { },
      "parameters" : { },
      "propertiesMetadata" : {
        "metadata" : { }
      },
      "parametersMetadata" : {
        "metadata" : { }
      }
    } ],
    "propertiesMetadata" : {
      "metadata" : { }
    },
    "parametersMetadata" : {
      "metadata" : { }
    },
    "hooks" : [ ]
  }, {
    "majorSchemaVersion" : 3,
    "name" : "travel_expense_app-db-deployer",
    "type" : "com.sap.xs.hdi",
    "path" : "travel_expense_app-db-deployer",
    "properties" : {
      "EXIT" : 1
    },
    "parameters" : {
      "default-url" : "https://bc857718trial-dev-travel-expense-app-db-deployer.cfapps.us10-001.hana.ondemand.com",
      "default-app-name" : "travel_expense_app-db-deployer",
      "generated-password" : "********",
      "default-live-url" : "https://bc857718trial-dev-travel-expense-app-db-deployer.cfapps.us10-001.hana.ondemand.com",
      "default-uri" : "bc857718trial-dev-travel-expense-app-db-deployer.cfapps.us10-001.hana.ondemand.com",
      "memory" : "256M",
      "default-instances" : 1,
      "no-route" : true,
      "default-live-host" : "bc857718trial-dev-travel-expense-app-db-deployer",
      "instances" : 1,
      "buildpack" : "nodejs_buildpack",
      "default-host" : "bc857718trial-dev-travel-expense-app-db-deployer",
      "app-name" : "travel_expense_app-db-deployer",
      "default-live-uri" : "bc857718trial-dev-travel-expense-app-db-deployer.cfapps.us10-001.hana.ondemand.com",
      "protocol" : "https",
      "default-live-app-name" : "travel_expense_app-db-deployer",
      "default-live-domain" : "cfapps.us10-001.hana.ondemand.com",
      "dependency-type" : "hard",
      "domain" : "cfapps.us10-001.hana.ondemand.com",
      "host" : "bc857718trial-dev-travel-expense-app-db-deployer",
      "generated-user" : "********",
      "tasks" : [ {
        "command" : "npm start",
        "memory" : "256M",
        "name" : "deploy"
      } ],
      "no-start" : true
    },
    "requiredDependencies" : [ {
      "majorSchemaVersion" : 3,
      "name" : "travel_expense_app-db",
      "properties" : { },
      "parameters" : { },
      "propertiesMetadata" : {
        "metadata" : { }
      },
      "parametersMetadata" : {
        "metadata" : { }
      }
    } ],
    "providedDependencies" : [ {
      "majorSchemaVersion" : 3,
      "name" : "travel_expense_app-db-deployer",
      "isPublic" : false,
      "properties" : { },
      "parameters" : { },
      "propertiesMetadata" : {
        "metadata" : { }
      },
      "parametersMetadata" : {
        "metadata" : { }
      }
    } ],
    "propertiesMetadata" : {
      "metadata" : { }
    },
    "parametersMetadata" : {
      "metadata" : { }
    },
    "hooks" : [ ]
  }, {
    "majorSchemaVersion" : 3,
    "name" : "travel_expense_app",
    "type" : "javascript.nodejs",
    "path" : "travel_expense_app",
    "properties" : { },
    "parameters" : {
      "default-url" : "https://bc857718trial-dev-travel-expense-app.cfapps.us10-001.hana.ondemand.com",
      "default-app-name" : "travel_expense_app",
      "generated-password" : "********",
      "default-live-url" : "https://bc857718trial-dev-travel-expense-app.cfapps.us10-001.hana.ondemand.com",
      "default-uri" : "bc857718trial-dev-travel-expense-app.cfapps.us10-001.hana.ondemand.com",
      "memory" : "256M",
      "default-instances" : 1,
      "default-live-host" : "bc857718trial-dev-travel-expense-app",
      "instances" : 1,
      "default-host" : "bc857718trial-dev-travel-expense-app",
      "keep-existing-routes" : true,
      "app-name" : "travel_expense_app",
      "default-live-uri" : "bc857718trial-dev-travel-expense-app.cfapps.us10-001.hana.ondemand.com",
      "protocol" : "https",
      "default-live-app-name" : "travel_expense_app",
      "default-live-domain" : "cfapps.us10-001.hana.ondemand.com",
      "disk-quota" : "256M",
      "domain" : "cfapps.us10-001.hana.ondemand.com",
      "host" : "bc857718trial-dev-travel-expense-app",
      "generated-user" : "********"
    },
    "requiredDependencies" : [ {
      "majorSchemaVersion" : 3,
      "name" : "srv-api",
      "group" : "destinations",
      "properties" : {
        "name" : "srv-api",
        "forwardAuthToken" : "********",
        "url" : "https://bc857718trial-dev-travel-expense-app-srv.cfapps.us10-001.hana.ondemand.com"
      },
      "parameters" : { },
      "propertiesMetadata" : {
        "metadata" : { }
      },
      "parametersMetadata" : {
        "metadata" : { }
      }
    }, {
      "majorSchemaVersion" : 3,
      "name" : "travel_expense_app-html5-runtime",
      "properties" : { },
      "parameters" : { },
      "propertiesMetadata" : {
        "metadata" : { }
      },
      "parametersMetadata" : {
        "metadata" : { }
      }
    }, {
      "majorSchemaVersion" : 3,
      "name" : "xsuaa-service",
      "properties" : { },
      "parameters" : { },
      "propertiesMetadata" : {
        "metadata" : { }
      },
      "parametersMetadata" : {
        "metadata" : { }
      }
    } ],
    "providedDependencies" : [ {
      "majorSchemaVersion" : 3,
      "name" : "app-api",
      "isPublic" : false,
      "properties" : {
        "app-protocol" : "https",
        "app-uri" : "bc857718trial-dev-travel-expense-app.cfapps.us10-001.hana.ondemand.com"
      },
      "parameters" : { },
      "propertiesMetadata" : {
        "metadata" : { }
      },
      "parametersMetadata" : {
        "metadata" : { }
      }
    }, {
      "majorSchemaVersion" : 3,
      "name" : "travel_expense_app",
      "isPublic" : false,
      "properties" : { },
      "parameters" : { },
      "propertiesMetadata" : {
        "metadata" : { }
      },
      "parametersMetadata" : {
        "metadata" : { }
      }
    } ],
    "propertiesMetadata" : {
      "metadata" : { }
    },
    "parametersMetadata" : {
      "metadata" : { }
    },
    "hooks" : [ ]
  }, {
    "majorSchemaVersion" : 3,
    "name" : "travel_expense_app-app-deployer",
    "type" : "com.sap.application.content",
    "path" : "travel_expense_app-app-deployer",
    "properties" : { },
    "parameters" : {
      "default-url" : "https://bc857718trial-dev-travel-expense-app-app-deployer.cfapps.us10-001.hana.ondemand.com",
      "default-app-name" : "travel_expense_app-app-deployer",
      "generated-password" : "********",
      "default-live-url" : "https://bc857718trial-dev-travel-expense-app-app-deployer.cfapps.us10-001.hana.ondemand.com",
      "default-uri" : "bc857718trial-dev-travel-expense-app-app-deployer.cfapps.us10-001.hana.ondemand.com",
      "default-instances" : 1,
      "default-live-host" : "bc857718trial-dev-travel-expense-app-app-deployer",
      "instances" : 1,
      "default-host" : "bc857718trial-dev-travel-expense-app-app-deployer",
      "app-name" : "travel_expense_app-app-deployer",
      "default-live-uri" : "bc857718trial-dev-travel-expense-app-app-deployer.cfapps.us10-001.hana.ondemand.com",
      "protocol" : "https",
      "default-live-app-name" : "travel_expense_app-app-deployer",
      "default-live-domain" : "cfapps.us10-001.hana.ondemand.com",
      "domain" : "cfapps.us10-001.hana.ondemand.com",
      "host" : "bc857718trial-dev-travel-expense-app-app-deployer",
      "generated-user" : "********"
    },
    "requiredDependencies" : [ {
      "majorSchemaVersion" : 3,
      "name" : "srv-api",
      "properties" : { },
      "parameters" : { },
      "propertiesMetadata" : {
        "metadata" : { }
      },
      "parametersMetadata" : {
        "metadata" : { }
      }
    }, {
      "majorSchemaVersion" : 3,
      "name" : "travel_expense_app-html5-repo-host",
      "properties" : { },
      "parameters" : {
        "config" : {
          "HTML5Runtime_enabled" : true
        },
        "content-target" : true
      },
      "propertiesMetadata" : {
        "metadata" : { }
      },
      "parametersMetadata" : {
        "metadata" : { }
      }
    } ],
    "providedDependencies" : [ {
      "majorSchemaVersion" : 3,
      "name" : "travel_expense_app-app-deployer",
      "isPublic" : false,
      "properties" : { },
      "parameters" : { },
      "propertiesMetadata" : {
        "metadata" : { }
      },
      "parametersMetadata" : {
        "metadata" : { }
      }
    } ],
    "propertiesMetadata" : {
      "metadata" : { }
    },
    "parametersMetadata" : {
      "metadata" : { }
    },
    "hooks" : [ ]
  }, {
    "majorSchemaVersion" : 3,
    "name" : "travel_expense_app-destinations",
    "type" : "com.sap.application.content",
    "properties" : { },
    "parameters" : {
      "default-url" : "https://bc857718trial-dev-travel-expense-app-destinations.cfapps.us10-001.hana.ondemand.com",
      "default-app-name" : "travel_expense_app-destinations",
      "generated-password" : "********",
      "default-live-url" : "https://bc857718trial-dev-travel-expense-app-destinations.cfapps.us10-001.hana.ondemand.com",
      "default-uri" : "bc857718trial-dev-travel-expense-app-destinations.cfapps.us10-001.hana.ondemand.com",
      "default-instances" : 1,
      "default-live-host" : "bc857718trial-dev-travel-expense-app-destinations",
      "instances" : 1,
      "default-host" : "bc857718trial-dev-travel-expense-app-destinations",
      "content" : {
        "instance" : {
          "destinations" : [ {
            "Name" : "travel_expense_app-html5-repository",
            "ServiceInstanceName" : "travel_expense_app-html5-repo-host",
            "ServiceKeyName" : "********",
            "sap.cloud.service" : "travel_expense_app.service"
          } ],
          "existing_destinations_policy" : "update"
        }
      },
      "app-name" : "travel_expense_app-destinations",
      "default-live-uri" : "bc857718trial-dev-travel-expense-app-destinations.cfapps.us10-001.hana.ondemand.com",
      "protocol" : "https",
      "default-live-app-name" : "travel_expense_app-destinations",
      "default-live-domain" : "cfapps.us10-001.hana.ondemand.com",
      "domain" : "cfapps.us10-001.hana.ondemand.com",
      "host" : "bc857718trial-dev-travel-expense-app-destinations",
      "generated-user" : "********"
    },
    "requiredDependencies" : [ {
      "majorSchemaVersion" : 3,
      "name" : "travel_expense_app-html5-repo-host",
      "properties" : { },
      "parameters" : {
        "service-key" : "********"
      },
      "propertiesMetadata" : {
        "metadata" : { }
      },
      "parametersMetadata" : {
        "metadata" : { }
      }
    }, {
      "majorSchemaVersion" : 3,
      "name" : "srv-api",
      "properties" : { },
      "parameters" : { },
      "propertiesMetadata" : {
        "metadata" : { }
      },
      "parametersMetadata" : {
        "metadata" : { }
      }
    }, {
      "majorSchemaVersion" : 3,
      "name" : "travel_expense_app-destination",
      "properties" : { },
      "parameters" : {
        "content-target" : true
      },
      "propertiesMetadata" : {
        "metadata" : { }
      },
      "parametersMetadata" : {
        "metadata" : { }
      }
    } ],
    "providedDependencies" : [ {
      "majorSchemaVersion" : 3,
      "name" : "travel_expense_app-destinations",
      "isPublic" : false,
      "properties" : { },
      "parameters" : { },
      "propertiesMetadata" : {
        "metadata" : { }
      },
      "parametersMetadata" : {
        "metadata" : { }
      }
    } ],
    "propertiesMetadata" : {
      "metadata" : { }
    },
    "parametersMetadata" : {
      "metadata" : { }
    },
    "hooks" : [ ]
  } ],
  "resources" : [ {
    "majorSchemaVersion" : 3,
    "name" : "travel_expense_app-db",
    "type" : "com.sap.xs.hdi-container",
    "properties" : { },
    "parameters" : {
      "generated-password" : "********",
      "service-name" : "travel_expense_app-db",
      "service-plan" : "hdi-shared",
      "service" : "hana",
      "generated-user" : "********",
      "default-xsappname" : "travel_expense_app-db",
      "type" : "managed-service",
      "default-service-name" : "travel_expense_app-db",
      "default-container-name" : "BC857718TRIAL_DEV_TRAVEL_EXPENSE_APP_DB"
    },
    "isActive" : true,
    "isOptional" : false,
    "propertiesMetadata" : {
      "metadata" : { }
    },
    "parametersMetadata" : {
      "metadata" : { }
    },
    "requiredDependencies" : [ ],
    "processedAfter" : [ ]
  }, {
    "majorSchemaVersion" : 3,
    "name" : "travel_expense_app-destination",
    "type" : "org.cloudfoundry.managed-service",
    "properties" : { },
    "parameters" : {
      "generated-password" : "********",
      "service-name" : "travel_expense_app-destination",
      "service-plan" : "lite",
      "service" : "destination",
      "generated-user" : "********",
      "default-xsappname" : "travel_expense_app-destination",
      "type" : "managed-service",
      "config" : {
        "HTML5Runtime_enabled" : true,
        "init_data" : {
          "instance" : {
            "destinations" : [ {
              "Authentication" : "********",
              "HTML5.DynamicDestination" : true,
              "HTML5.ForwardAuthToken" : "********",
              "Name" : "srv-api",
              "ProxyType" : "Internet",
              "Type" : "HTTP",
              "URL" : "https://bc857718trial-dev-travel-expense-app-srv.cfapps.us10-001.hana.ondemand.com"
            } ],
            "existing_destinations_policy" : "update"
          }
        }
      },
      "default-service-name" : "travel_expense_app-destination",
      "default-container-name" : "BC857718TRIAL_DEV_TRAVEL_EXPENSE_APP_DESTINATION"
    },
    "isActive" : true,
    "isOptional" : false,
    "propertiesMetadata" : {
      "metadata" : { }
    },
    "parametersMetadata" : {
      "metadata" : { }
    },
    "requiredDependencies" : [ {
      "majorSchemaVersion" : 3,
      "name" : "srv-api",
      "properties" : { },
      "parameters" : { },
      "propertiesMetadata" : {
        "metadata" : { }
      },
      "parametersMetadata" : {
        "metadata" : { }
      }
    } ],
    "processedAfter" : [ ]
  }, {
    "majorSchemaVersion" : 3,
    "name" : "travel_expense_app-html5-repo-host",
    "type" : "org.cloudfoundry.managed-service",
    "properties" : { },
    "parameters" : {
      "generated-password" : "********",
      "service-name" : "travel_expense_app-html5-repo-host",
      "service-plan" : "app-host",
      "service" : "html5-apps-repo",
      "generated-user" : "********",
      "default-xsappname" : "travel_expense_app-html5-repo-host",
      "type" : "managed-service",
      "default-service-name" : "travel_expense_app-html5-repo-host",
      "default-container-name" : "BC857718TRIAL_DEV_TRAVEL_EXPENSE_APP_HTML5_REPO_HOST"
    },
    "isActive" : true,
    "isOptional" : false,
    "propertiesMetadata" : {
      "metadata" : { }
    },
    "parametersMetadata" : {
      "metadata" : { }
    },
    "requiredDependencies" : [ ],
    "processedAfter" : [ ]
  }, {
    "majorSchemaVersion" : 3,
    "name" : "travel_expense_app-html5-runtime",
    "type" : "org.cloudfoundry.managed-service",
    "properties" : { },
    "parameters" : {
      "generated-password" : "********",
      "service-name" : "travel_expense_app-html5-runtime",
      "service-plan" : "app-runtime",
      "service" : "html5-apps-repo",
      "generated-user" : "********",
      "default-xsappname" : "travel_expense_app-html5-runtime",
      "type" : "managed-service",
      "default-service-name" : "travel_expense_app-html5-runtime",
      "default-container-name" : "BC857718TRIAL_DEV_TRAVEL_EXPENSE_APP_HTML5_RUNTIME"
    },
    "isActive" : true,
    "isOptional" : false,
    "propertiesMetadata" : {
      "metadata" : { }
    },
    "parametersMetadata" : {
      "metadata" : { }
    },
    "requiredDependencies" : [ ],
    "processedAfter" : [ ]
  }, {
    "majorSchemaVersion" : 3,
    "name" : "xsuaa-service",
    "type" : "org.cloudfoundry.managed-service",
    "properties" : { },
    "parameters" : {
      "generated-password" : "********",
      "path" : "./xs-security.json",
      "service-name" : "xsuaa-service",
      "service-plan" : "application",
      "service" : "xsuaa",
      "generated-user" : "********",
      "default-xsappname" : "xsuaa-service",
      "type" : "managed-service",
      "default-service-name" : "xsuaa-service",
      "default-container-name" : "BC857718TRIAL_DEV_XSUAA_SERVICE"
    },
    "isActive" : true,
    "isOptional" : false,
    "propertiesMetadata" : {
      "metadata" : { }
    },
    "parametersMetadata" : {
      "metadata" : { }
    },
    "requiredDependencies" : [ ],
    "processedAfter" : [ ]
  } ],
  "parameters" : {
    "deploy_mode" : "html5-repo",
    "mta-id" : "travel_expense_app",
    "authorization-url" : "********",
    "org-guid" : "a60e8087-87c3-481b-a9dc-503c803f5b82",
    "org" : "bc857718trial",
    "deploy-target" : "bc857718trial dev",
    "enable-parallel-deployments" : true,
    "region-primary-domain" : "us10.hana.ondemand.com",
    "space" : "dev",
    "region-domain" : "us10-001.hana.ondemand.com",
    "xs-api-url" : "https://api.cf.us10-001.hana.ondemand.com",
    "deploy-url" : "deploy-service.cfapps.us10-001.hana.ondemand.com",
    "xs-type" : "CF",
    "default-domain" : "cfapps.us10-001.hana.ondemand.com",
    "mta-version" : "1.0.0",
    "xs-auth-url" : "********",
    "space-guid" : "b3040adf-9a0c-491b-b2f3-ae2e732cc19f",
    "user" : "********",
    "controller-url" : "https://api.cf.us10-001.hana.ondemand.com",
    "timestamp" : "20260508085513"
  },
  "parametersMetadata" : {
    "metadata" : { }
  }
}#
#2026 05 08 08:55:29.370#Z#DEBUG#a05cc58a-4abb-11f1-b3e9-eeee0a988dc4.OPERATION#flowable-async-job-executor-thread-2468#
[ProcessDescriptorStep] Merged descriptor properties and parameters resolved#
#2026 05 08 08:55:29.370#Z#DEBUG#a05cc58a-4abb-11f1-b3e9-eeee0a988dc4.OPERATION#flowable-async-job-executor-thread-2468#
Step "Re-Process Descriptor Step" finished#
#2026 05 08 08:55:29.390#Z#DEBUG#a05cc58a-4abb-11f1-b3e9-eeee0a988dc4.OPERATION#flowable-async-job-executor-thread-2468#
[BuildApplicationDeployModelStep] Executing task "buildApplicationDeployModelTask" of process "a9c95696-4abb-11f1-8e79-eeee0a981393"...#
#2026 05 08 08:55:29.391#Z#DEBUG#a05cc58a-4abb-11f1-b3e9-eeee0a988dc4.OPERATION#flowable-async-job-executor-thread-2468#
[BuildApplicationDeployModelStep] Building cloud deployment model for application "travel_expense_app-db-deployer"...#
#2026 05 08 08:55:29.394#Z#DEBUG#a05cc58a-4abb-11f1-b3e9-eeee0a988dc4.OPERATION#flowable-async-job-executor-thread-2468#
[BuildApplicationDeployModelStep] No health-check-type is specified. Setting default type: port#
#2026 05 08 08:55:29.395#Z#INFO#a05cc58a-4abb-11f1-b3e9-eeee0a988dc4.OPERATION#flowable-async-job-executor-thread-2468#
[BuildApplicationDeployModelStep] Building configuration entries for org bc857718trial, space dev, spaceId b3040adf-9a0c-491b-b2f3-ae2e732cc19f and namespace null!#
#2026 05 08 08:55:29.395#Z#DEBUG#a05cc58a-4abb-11f1-b3e9-eeee0a988dc4.OPERATION#flowable-async-job-executor-thread-2468#
[BuildApplicationDeployModelStep] Configuration entries to publish: [ ]#
#2026 05 08 08:55:29.395#Z#DEBUG#a05cc58a-4abb-11f1-b3e9-eeee0a988dc4.OPERATION#flowable-async-job-executor-thread-2468#
[BuildApplicationDeployModelStep] Cloud deployment model for application built#
#2026 05 08 08:55:29.395#Z#DEBUG#a05cc58a-4abb-11f1-b3e9-eeee0a988dc4.OPERATION#flowable-async-job-executor-thread-2468#
Step "Build Application Deploy Model" finished#
#2026 05 08 08:55:29.744#Z#DEBUG#a05cc58a-4abb-11f1-b3e9-eeee0a988dc4.OPERATION#flowable-async-job-executor-thread-2467#
[ProcessDescriptorStep] Executing task "reprocessDescriptorTask" of process "a9f3e992-4abb-11f1-8e79-eeee0a981393"...#
#2026 05 08 08:55:29.744#Z#DEBUG#a05cc58a-4abb-11f1-b3e9-eeee0a988dc4.OPERATION#flowable-async-job-executor-thread-2467#
[ProcessDescriptorStep] Resolving properties and parameters in merged descriptor...#
#2026 05 08 08:55:29.747#Z#DEBUG#a05cc58a-4abb-11f1-b3e9-eeee0a988dc4.OPERATION#flowable-async-job-executor-thread-2467#
[ProcessDescriptorStep] Subscriptions: [ ]#
#2026 05 08 08:55:29.753#Z#DEBUG#a05cc58a-4abb-11f1-b3e9-eeee0a988dc4.OPERATION#flowable-async-job-executor-thread-2467#
[ProcessDescriptorStep] MTA modules: [travel_expense_app-destinations, travel_expense_app, travel_expense_app-srv, travel_expense_app-db-deployer, travel_expense_app-app-deployer]#
#2026 05 08 08:55:29.757#Z#DEBUG#a05cc58a-4abb-11f1-b3e9-eeee0a988dc4.OPERATION#flowable-async-job-executor-thread-2467#
[ProcessDescriptorStep] Resolved deployment descriptor: {
  "majorSchemaVersion" : 3,
  "schemaVersion" : "3.3.0",
  "id" : "travel_expense_app",
  "version" : "1.0.0",
  "modules" : [ {
    "majorSchemaVersion" : 3,
    "name" : "travel_expense_app-srv",
    "type" : "javascript.nodejs",
    "path" : "travel_expense_app-srv",
    "properties" : { },
    "parameters" : {
      "default-url" : "https://bc857718trial-dev-travel-expense-app-srv.cfapps.us10-001.hana.ondemand.com",
      "default-app-name" : "travel_expense_app-srv",
      "generated-password" : "********",
      "default-live-url" : "https://bc857718trial-dev-travel-expense-app-srv.cfapps.us10-001.hana.ondemand.com",
      "default-uri" : "bc857718trial-dev-travel-expense-app-srv.cfapps.us10-001.hana.ondemand.com",
      "default-instances" : 1,
      "default-live-host" : "bc857718trial-dev-travel-expense-app-srv",
      "instances" : 1,
      "buildpack" : "nodejs_buildpack",
      "default-host" : "bc857718trial-dev-travel-expense-app-srv",
      "app-name" : "travel_expense_app-srv",
      "default-live-uri" : "bc857718trial-dev-travel-expense-app-srv.cfapps.us10-001.hana.ondemand.com",
      "protocol" : "https",
      "default-live-app-name" : "travel_expense_app-srv",
      "default-live-domain" : "cfapps.us10-001.hana.ondemand.com",
      "domain" : "cfapps.us10-001.hana.ondemand.com",
      "host" : "bc857718trial-dev-travel-expense-app-srv",
      "generated-user" : "********"
    },
    "requiredDependencies" : [ {
      "majorSchemaVersion" : 3,
      "name" : "travel_expense_app-db",
      "properties" : { },
      "parameters" : { },
      "propertiesMetadata" : {
        "metadata" : { }
      },
      "parametersMetadata" : {
        "metadata" : { }
      }
    }, {
      "majorSchemaVersion" : 3,
      "name" : "travel_expense_app-destination",
      "properties" : { },
      "parameters" : { },
      "propertiesMetadata" : {
        "metadata" : { }
      },
      "parametersMetadata" : {
        "metadata" : { }
      }
    } ],
    "providedDependencies" : [ {
      "majorSchemaVersion" : 3,
      "name" : "srv-api",
      "isPublic" : false,
      "properties" : {
        "srv-url" : "https://bc857718trial-dev-travel-expense-app-srv.cfapps.us10-001.hana.ondemand.com"
      },
      "parameters" : { },
      "propertiesMetadata" : {
        "metadata" : { }
      },
      "parametersMetadata" : {
        "metadata" : { }
      }
    }, {
      "majorSchemaVersion" : 3,
      "name" : "travel_expense_app-srv",
      "isPublic" : false,
      "properties" : { },
      "parameters" : { },
      "propertiesMetadata" : {
        "metadata" : { }
      },
      "parametersMetadata" : {
        "metadata" : { }
      }
    } ],
    "propertiesMetadata" : {
      "metadata" : { }
    },
    "parametersMetadata" : {
      "metadata" : { }
    },
    "hooks" : [ ]
  }, {
    "majorSchemaVersion" : 3,
    "name" : "travel_expense_app-db-deployer",
    "type" : "com.sap.xs.hdi",
    "path" : "travel_expense_app-db-deployer",
    "properties" : {
      "EXIT" : 1
    },
    "parameters" : {
      "default-url" : "https://bc857718trial-dev-travel-expense-app-db-deployer.cfapps.us10-001.hana.ondemand.com",
      "default-app-name" : "travel_expense_app-db-deployer",
      "generated-password" : "********",
      "default-live-url" : "https://bc857718trial-dev-travel-expense-app-db-deployer.cfapps.us10-001.hana.ondemand.com",
      "default-uri" : "bc857718trial-dev-travel-expense-app-db-deployer.cfapps.us10-001.hana.ondemand.com",
      "memory" : "256M",
      "default-instances" : 1,
      "no-route" : true,
      "default-live-host" : "bc857718trial-dev-travel-expense-app-db-deployer",
      "instances" : 1,
      "buildpack" : "nodejs_buildpack",
      "default-host" : "bc857718trial-dev-travel-expense-app-db-deployer",
      "app-name" : "travel_expense_app-db-deployer",
      "default-live-uri" : "bc857718trial-dev-travel-expense-app-db-deployer.cfapps.us10-001.hana.ondemand.com",
      "protocol" : "https",
      "default-live-app-name" : "travel_expense_app-db-deployer",
      "default-live-domain" : "cfapps.us10-001.hana.ondemand.com",
      "dependency-type" : "hard",
      "domain" : "cfapps.us10-001.hana.ondemand.com",
      "host" : "bc857718trial-dev-travel-expense-app-db-deployer",
      "generated-user" : "********",
      "tasks" : [ {
        "command" : "npm start",
        "memory" : "256M",
        "name" : "deploy"
      } ],
      "no-start" : true
    },
    "requiredDependencies" : [ {
      "majorSchemaVersion" : 3,
      "name" : "travel_expense_app-db",
      "properties" : { },
      "parameters" : { },
      "propertiesMetadata" : {
        "metadata" : { }
      },
      "parametersMetadata" : {
        "metadata" : { }
      }
    } ],
    "providedDependencies" : [ {
      "majorSchemaVersion" : 3,
      "name" : "travel_expense_app-db-deployer",
      "isPublic" : false,
      "properties" : { },
      "parameters" : { },
      "propertiesMetadata" : {
        "metadata" : { }
      },
      "parametersMetadata" : {
        "metadata" : { }
      }
    } ],
    "propertiesMetadata" : {
      "metadata" : { }
    },
    "parametersMetadata" : {
      "metadata" : { }
    },
    "hooks" : [ ]
  }, {
    "majorSchemaVersion" : 3,
    "name" : "travel_expense_app",
    "type" : "javascript.nodejs",
    "path" : "travel_expense_app",
    "properties" : { },
    "parameters" : {
      "default-url" : "https://bc857718trial-dev-travel-expense-app.cfapps.us10-001.hana.ondemand.com",
      "default-app-name" : "travel_expense_app",
      "generated-password" : "********",
      "default-live-url" : "https://bc857718trial-dev-travel-expense-app.cfapps.us10-001.hana.ondemand.com",
      "default-uri" : "bc857718trial-dev-travel-expense-app.cfapps.us10-001.hana.ondemand.com",
      "memory" : "256M",
      "default-instances" : 1,
      "default-live-host" : "bc857718trial-dev-travel-expense-app",
      "instances" : 1,
      "default-host" : "bc857718trial-dev-travel-expense-app",
      "keep-existing-routes" : true,
      "app-name" : "travel_expense_app",
      "default-live-uri" : "bc857718trial-dev-travel-expense-app.cfapps.us10-001.hana.ondemand.com",
      "protocol" : "https",
      "default-live-app-name" : "travel_expense_app",
      "default-live-domain" : "cfapps.us10-001.hana.ondemand.com",
      "disk-quota" : "256M",
      "domain" : "cfapps.us10-001.hana.ondemand.com",
      "host" : "bc857718trial-dev-travel-expense-app",
      "generated-user" : "********"
    },
    "requiredDependencies" : [ {
      "majorSchemaVersion" : 3,
      "name" : "srv-api",
      "group" : "destinations",
      "properties" : {
        "name" : "srv-api",
        "forwardAuthToken" : "********",
        "url" : "https://bc857718trial-dev-travel-expense-app-srv.cfapps.us10-001.hana.ondemand.com"
      },
      "parameters" : { },
      "propertiesMetadata" : {
        "metadata" : { }
      },
      "parametersMetadata" : {
        "metadata" : { }
      }
    }, {
      "majorSchemaVersion" : 3,
      "name" : "travel_expense_app-html5-runtime",
      "properties" : { },
      "parameters" : { },
      "propertiesMetadata" : {
        "metadata" : { }
      },
      "parametersMetadata" : {
        "metadata" : { }
      }
    }, {
      "majorSchemaVersion" : 3,
      "name" : "xsuaa-service",
      "properties" : { },
      "parameters" : { },
      "propertiesMetadata" : {
        "metadata" : { }
      },
      "parametersMetadata" : {
        "metadata" : { }
      }
    } ],
    "providedDependencies" : [ {
      "majorSchemaVersion" : 3,
      "name" : "app-api",
      "isPublic" : false,
      "properties" : {
        "app-protocol" : "https",
        "app-uri" : "bc857718trial-dev-travel-expense-app.cfapps.us10-001.hana.ondemand.com"
      },
      "parameters" : { },
      "propertiesMetadata" : {
        "metadata" : { }
      },
      "parametersMetadata" : {
        "metadata" : { }
      }
    }, {
      "majorSchemaVersion" : 3,
      "name" : "travel_expense_app",
      "isPublic" : false,
      "properties" : { },
      "parameters" : { },
      "propertiesMetadata" : {
        "metadata" : { }
      },
      "parametersMetadata" : {
        "metadata" : { }
      }
    } ],
    "propertiesMetadata" : {
      "metadata" : { }
    },
    "parametersMetadata" : {
      "metadata" : { }
    },
    "hooks" : [ ]
  }, {
    "majorSchemaVersion" : 3,
    "name" : "travel_expense_app-app-deployer",
    "type" : "com.sap.application.content",
    "path" : "travel_expense_app-app-deployer",
    "properties" : { },
    "parameters" : {
      "default-url" : "https://bc857718trial-dev-travel-expense-app-app-deployer.cfapps.us10-001.hana.ondemand.com",
      "default-app-name" : "travel_expense_app-app-deployer",
      "generated-password" : "********",
      "default-live-url" : "https://bc857718trial-dev-travel-expense-app-app-deployer.cfapps.us10-001.hana.ondemand.com",
      "default-uri" : "bc857718trial-dev-travel-expense-app-app-deployer.cfapps.us10-001.hana.ondemand.com",
      "default-instances" : 1,
      "default-live-host" : "bc857718trial-dev-travel-expense-app-app-deployer",
      "instances" : 1,
      "default-host" : "bc857718trial-dev-travel-expense-app-app-deployer",
      "app-name" : "travel_expense_app-app-deployer",
      "default-live-uri" : "bc857718trial-dev-travel-expense-app-app-deployer.cfapps.us10-001.hana.ondemand.com",
      "protocol" : "https",
      "default-live-app-name" : "travel_expense_app-app-deployer",
      "default-live-domain" : "cfapps.us10-001.hana.ondemand.com",
      "domain" : "cfapps.us10-001.hana.ondemand.com",
      "host" : "bc857718trial-dev-travel-expense-app-app-deployer",
      "generated-user" : "********"
    },
    "requiredDependencies" : [ {
      "majorSchemaVersion" : 3,
      "name" : "srv-api",
      "properties" : { },
      "parameters" : { },
      "propertiesMetadata" : {
        "metadata" : { }
      },
      "parametersMetadata" : {
        "metadata" : { }
      }
    }, {
      "majorSchemaVersion" : 3,
      "name" : "travel_expense_app-html5-repo-host",
      "properties" : { },
      "parameters" : {
        "config" : {
          "HTML5Runtime_enabled" : true
        },
        "content-target" : true
      },
      "propertiesMetadata" : {
        "metadata" : { }
      },
      "parametersMetadata" : {
        "metadata" : { }
      }
    } ],
    "providedDependencies" : [ {
      "majorSchemaVersion" : 3,
      "name" : "travel_expense_app-app-deployer",
      "isPublic" : false,
      "properties" : { },
      "parameters" : { },
      "propertiesMetadata" : {
        "metadata" : { }
      },
      "parametersMetadata" : {
        "metadata" : { }
      }
    } ],
    "propertiesMetadata" : {
      "metadata" : { }
    },
    "parametersMetadata" : {
      "metadata" : { }
    },
    "hooks" : [ ]
  }, {
    "majorSchemaVersion" : 3,
    "name" : "travel_expense_app-destinations",
    "type" : "com.sap.application.content",
    "properties" : { },
    "parameters" : {
      "default-url" : "https://bc857718trial-dev-travel-expense-app-destinations.cfapps.us10-001.hana.ondemand.com",
      "default-app-name" : "travel_expense_app-destinations",
      "generated-password" : "********",
      "default-live-url" : "https://bc857718trial-dev-travel-expense-app-destinations.cfapps.us10-001.hana.ondemand.com",
      "default-uri" : "bc857718trial-dev-travel-expense-app-destinations.cfapps.us10-001.hana.ondemand.com",
      "default-instances" : 1,
      "default-live-host" : "bc857718trial-dev-travel-expense-app-destinations",
      "instances" : 1,
      "default-host" : "bc857718trial-dev-travel-expense-app-destinations",
      "content" : {
        "instance" : {
          "destinations" : [ {
            "Name" : "travel_expense_app-html5-repository",
            "ServiceInstanceName" : "travel_expense_app-html5-repo-host",
            "ServiceKeyName" : "********",
            "sap.cloud.service" : "travel_expense_app.service"
          } ],
          "existing_destinations_policy" : "update"
        }
      },
      "app-name" : "travel_expense_app-destinations",
      "default-live-uri" : "bc857718trial-dev-travel-expense-app-destinations.cfapps.us10-001.hana.ondemand.com",
      "protocol" : "https",
      "default-live-app-name" : "travel_expense_app-destinations",
      "default-live-domain" : "cfapps.us10-001.hana.ondemand.com",
      "domain" : "cfapps.us10-001.hana.ondemand.com",
      "host" : "bc857718trial-dev-travel-expense-app-destinations",
      "generated-user" : "********"
    },
    "requiredDependencies" : [ {
      "majorSchemaVersion" : 3,
      "name" : "travel_expense_app-html5-repo-host",
      "properties" : { },
      "parameters" : {
        "service-key" : "********"
      },
      "propertiesMetadata" : {
        "metadata" : { }
      },
      "parametersMetadata" : {
        "metadata" : { }
      }
    }, {
      "majorSchemaVersion" : 3,
      "name" : "srv-api",
      "properties" : { },
      "parameters" : { },
      "propertiesMetadata" : {
        "metadata" : { }
      },
      "parametersMetadata" : {
        "metadata" : { }
      }
    }, {
      "majorSchemaVersion" : 3,
      "name" : "travel_expense_app-destination",
      "properties" : { },
      "parameters" : {
        "content-target" : true
      },
      "propertiesMetadata" : {
        "metadata" : { }
      },
      "parametersMetadata" : {
        "metadata" : { }
      }
    } ],
    "providedDependencies" : [ {
      "majorSchemaVersion" : 3,
      "name" : "travel_expense_app-destinations",
      "isPublic" : false,
      "properties" : { },
      "parameters" : { },
      "propertiesMetadata" : {
        "metadata" : { }
      },
      "parametersMetadata" : {
        "metadata" : { }
      }
    } ],
    "propertiesMetadata" : {
      "metadata" : { }
    },
    "parametersMetadata" : {
      "metadata" : { }
    },
    "hooks" : [ ]
  } ],
  "resources" : [ {
    "majorSchemaVersion" : 3,
    "name" : "travel_expense_app-db",
    "type" : "com.sap.xs.hdi-container",
    "properties" : { },
    "parameters" : {
      "generated-password" : "********",
      "service-name" : "travel_expense_app-db",
      "service-plan" : "hdi-shared",
      "service" : "hana",
      "generated-user" : "********",
      "default-xsappname" : "travel_expense_app-db",
      "type" : "managed-service",
      "default-service-name" : "travel_expense_app-db",
      "default-container-name" : "BC857718TRIAL_DEV_TRAVEL_EXPENSE_APP_DB"
    },
    "isActive" : true,
    "isOptional" : false,
    "propertiesMetadata" : {
      "metadata" : { }
    },
    "parametersMetadata" : {
      "metadata" : { }
    },
    "requiredDependencies" : [ ],
    "processedAfter" : [ ]
  }, {
    "majorSchemaVersion" : 3,
    "name" : "travel_expense_app-destination",
    "type" : "org.cloudfoundry.managed-service",
    "properties" : { },
    "parameters" : {
      "generated-password" : "********",
      "service-name" : "travel_expense_app-destination",
      "service-plan" : "lite",
      "service" : "destination",
      "generated-user" : "********",
      "default-xsappname" : "travel_expense_app-destination",
      "type" : "managed-service",
      "config" : {
        "HTML5Runtime_enabled" : true,
        "init_data" : {
          "instance" : {
            "destinations" : [ {
              "Authentication" : "********",
              "HTML5.DynamicDestination" : true,
              "HTML5.ForwardAuthToken" : "********",
              "Name" : "srv-api",
              "ProxyType" : "Internet",
              "Type" : "HTTP",
              "URL" : "https://bc857718trial-dev-travel-expense-app-srv.cfapps.us10-001.hana.ondemand.com"
            } ],
            "existing_destinations_policy" : "update"
          }
        }
      },
      "default-service-name" : "travel_expense_app-destination",
      "default-container-name" : "BC857718TRIAL_DEV_TRAVEL_EXPENSE_APP_DESTINATION"
    },
    "isActive" : true,
    "isOptional" : false,
    "propertiesMetadata" : {
      "metadata" : { }
    },
    "parametersMetadata" : {
      "metadata" : { }
    },
    "requiredDependencies" : [ {
      "majorSchemaVersion" : 3,
      "name" : "srv-api",
      "properties" : { },
      "parameters" : { },
      "propertiesMetadata" : {
        "metadata" : { }
      },
      "parametersMetadata" : {
        "metadata" : { }
      }
    } ],
    "processedAfter" : [ ]
  }, {
    "majorSchemaVersion" : 3,
    "name" : "travel_expense_app-html5-repo-host",
    "type" : "org.cloudfoundry.managed-service",
    "properties" : { },
    "parameters" : {
      "generated-password" : "********",
      "service-name" : "travel_expense_app-html5-repo-host",
      "service-plan" : "app-host",
      "service" : "html5-apps-repo",
      "generated-user" : "********",
      "default-xsappname" : "travel_expense_app-html5-repo-host",
      "type" : "managed-service",
      "default-service-name" : "travel_expense_app-html5-repo-host",
      "default-container-name" : "BC857718TRIAL_DEV_TRAVEL_EXPENSE_APP_HTML5_REPO_HOST"
    },
    "isActive" : true,
    "isOptional" : false,
    "propertiesMetadata" : {
      "metadata" : { }
    },
    "parametersMetadata" : {
      "metadata" : { }
    },
    "requiredDependencies" : [ ],
    "processedAfter" : [ ]
  }, {
    "majorSchemaVersion" : 3,
    "name" : "travel_expense_app-html5-runtime",
    "type" : "org.cloudfoundry.managed-service",
    "properties" : { },
    "parameters" : {
      "generated-password" : "********",
      "service-name" : "travel_expense_app-html5-runtime",
      "service-plan" : "app-runtime",
      "service" : "html5-apps-repo",
      "generated-user" : "********",
      "default-xsappname" : "travel_expense_app-html5-runtime",
      "type" : "managed-service",
      "default-service-name" : "travel_expense_app-html5-runtime",
      "default-container-name" : "BC857718TRIAL_DEV_TRAVEL_EXPENSE_APP_HTML5_RUNTIME"
    },
    "isActive" : true,
    "isOptional" : false,
    "propertiesMetadata" : {
      "metadata" : { }
    },
    "parametersMetadata" : {
      "metadata" : { }
    },
    "requiredDependencies" : [ ],
    "processedAfter" : [ ]
  }, {
    "majorSchemaVersion" : 3,
    "name" : "xsuaa-service",
    "type" : "org.cloudfoundry.managed-service",
    "properties" : { },
    "parameters" : {
      "generated-password" : "********",
      "path" : "./xs-security.json",
      "service-name" : "xsuaa-service",
      "service-plan" : "application",
      "service" : "xsuaa",
      "generated-user" : "********",
      "default-xsappname" : "xsuaa-service",
      "type" : "managed-service",
      "default-service-name" : "xsuaa-service",
      "default-container-name" : "BC857718TRIAL_DEV_XSUAA_SERVICE"
    },
    "isActive" : true,
    "isOptional" : false,
    "propertiesMetadata" : {
      "metadata" : { }
    },
    "parametersMetadata" : {
      "metadata" : { }
    },
    "requiredDependencies" : [ ],
    "processedAfter" : [ ]
  } ],
  "parameters" : {
    "deploy_mode" : "html5-repo",
    "mta-id" : "travel_expense_app",
    "authorization-url" : "********",
    "org-guid" : "a60e8087-87c3-481b-a9dc-503c803f5b82",
    "org" : "bc857718trial",
    "deploy-target" : "bc857718trial dev",
    "enable-parallel-deployments" : true,
    "region-primary-domain" : "us10.hana.ondemand.com",
    "space" : "dev",
    "region-domain" : "us10-001.hana.ondemand.com",
    "xs-api-url" : "https://api.cf.us10-001.hana.ondemand.com",
    "deploy-url" : "deploy-service.cfapps.us10-001.hana.ondemand.com",
    "xs-type" : "CF",
    "default-domain" : "cfapps.us10-001.hana.ondemand.com",
    "mta-version" : "1.0.0",
    "xs-auth-url" : "********",
    "space-guid" : "b3040adf-9a0c-491b-b2f3-ae2e732cc19f",
    "user" : "********",
    "controller-url" : "https://api.cf.us10-001.hana.ondemand.com",
    "timestamp" : "20260508085513"
  },
  "parametersMetadata" : {
    "metadata" : { }
  }
}#
#2026 05 08 08:55:29.757#Z#DEBUG#a05cc58a-4abb-11f1-b3e9-eeee0a988dc4.OPERATION#flowable-async-job-executor-thread-2467#
[ProcessDescriptorStep] Merged descriptor properties and parameters resolved#
#2026 05 08 08:55:29.757#Z#DEBUG#a05cc58a-4abb-11f1-b3e9-eeee0a988dc4.OPERATION#flowable-async-job-executor-thread-2467#
Step "Re-Process Descriptor Step" finished#
#2026 05 08 08:55:29.416#Z#DEBUG#a05cc58a-4abb-11f1-b3e9-eeee0a988dc4.OPERATION#flowable-async-job-executor-thread-2468#
[CreateOrUpdateAppStep] Executing task "createAppTask" of process "a9c95696-4abb-11f1-8e79-eeee0a981393"...#
#2026 05 08 08:55:29.417#Z#DEBUG#a05cc58a-4abb-11f1-b3e9-eeee0a988dc4.OPERATION#flowable-async-job-executor-thread-2468#
[CreateOrUpdateAppStep] Getting application "travel_expense_app-db-deployer"...#
#2026 05 08 08:55:29.454#Z#INFO#a05cc58a-4abb-11f1-b3e9-eeee0a988dc4.OPERATION#flowable-async-job-executor-thread-2468#
[CreateOrUpdateAppStep] Updating application "travel_expense_app-db-deployer"...#
#2026 05 08 08:55:29.458#Z#DEBUG#a05cc58a-4abb-11f1-b3e9-eeee0a988dc4.OPERATION#flowable-async-job-executor-thread-2468#
[CreateOrUpdateAppStep] Getting process for application "12d88eeb-f83c-4f84-aa2c-a59761ea2448"...#
#2026 05 08 08:55:29.495#Z#DEBUG#a05cc58a-4abb-11f1-b3e9-eeee0a988dc4.OPERATION#flowable-async-job-executor-thread-2468#
[CreateOrUpdateAppStep] Getting routes for application "12d88eeb-f83c-4f84-aa2c-a59761ea2448"...#
#2026 05 08 08:55:29.518#Z#DEBUG#a05cc58a-4abb-11f1-b3e9-eeee0a988dc4.OPERATION#flowable-async-job-executor-thread-2468#
[CreateOrUpdateAppStep] Getting features for application "12d88eeb-f83c-4f84-aa2c-a59761ea2448"#
#2026 05 08 08:55:29.540#Z#DEBUG#a05cc58a-4abb-11f1-b3e9-eeee0a988dc4.OPERATION#flowable-async-job-executor-thread-2468#
[CreateOrUpdateAppStep] Updating staging of application "travel_expense_app-db-deployer" to: {
  "isReadinessHealthCheckEnabled" : true,
  "buildpacks" : [ "nodejs_buildpack" ],
  "healthCheckType" : "port",
  "appFeatures" : { }
}#
#2026 05 08 08:55:29.757#Z#DEBUG#a05cc58a-4abb-11f1-b3e9-eeee0a988dc4.OPERATION#flowable-async-job-executor-thread-2468#
[CreateOrUpdateAppStep] Application "travel_expense_app-db-deployer" updated#
#2026 05 08 08:55:29.757#Z#DEBUG#a05cc58a-4abb-11f1-b3e9-eeee0a988dc4.OPERATION#flowable-async-job-executor-thread-2468#
[CreateOrUpdateAppStep] Getting environment of application "12d88eeb-f83c-4f84-aa2c-a59761ea2448"...#
#2026 05 08 08:55:29.820#Z#DEBUG#a05cc58a-4abb-11f1-b3e9-eeee0a988dc4.OPERATION#flowable-async-job-executor-thread-2468#
[CreateOrUpdateAppStep] Application "travel_expense_app-db-deployer" updated#
#2026 05 08 08:55:29.820#Z#DEBUG#a05cc58a-4abb-11f1-b3e9-eeee0a988dc4.OPERATION#flowable-async-job-executor-thread-2468#
Step "Create App" finished#
#2026 05 08 08:55:29.820#Z#DEBUG#a05cc58a-4abb-11f1-b3e9-eeee0a988dc4.OPERATION#flowable-async-job-executor-thread-2464#
[BuildApplicationDeployModelStep] Executing task "buildApplicationDeployModelTask" of process "a9f3e992-4abb-11f1-8e79-eeee0a981393"...#
#2026 05 08 08:55:29.827#Z#DEBUG#a05cc58a-4abb-11f1-b3e9-eeee0a988dc4.OPERATION#flowable-async-job-executor-thread-2464#
[BuildApplicationDeployModelStep] Building cloud deployment model for application "travel_expense_app-srv"...#
#2026 05 08 08:55:29.839#Z#DEBUG#a05cc58a-4abb-11f1-b3e9-eeee0a988dc4.OPERATION#flowable-async-job-executor-thread-2464#
[BuildApplicationDeployModelStep] No health-check-type is specified. Setting default type: port#
#2026 05 08 08:55:29.839#Z#INFO#a05cc58a-4abb-11f1-b3e9-eeee0a988dc4.OPERATION#flowable-async-job-executor-thread-2464#
[BuildApplicationDeployModelStep] Building configuration entries for org bc857718trial, space dev, spaceId b3040adf-9a0c-491b-b2f3-ae2e732cc19f and namespace null!#
#2026 05 08 08:55:29.841#Z#DEBUG#a05cc58a-4abb-11f1-b3e9-eeee0a988dc4.OPERATION#flowable-async-job-executor-thread-2464#
[BuildApplicationDeployModelStep] Configuration entries to publish: [ ]#
#2026 05 08 08:55:29.841#Z#DEBUG#a05cc58a-4abb-11f1-b3e9-eeee0a988dc4.OPERATION#flowable-async-job-executor-thread-2464#
[BuildApplicationDeployModelStep] Cloud deployment model for application built#
#2026 05 08 08:55:29.841#Z#DEBUG#a05cc58a-4abb-11f1-b3e9-eeee0a988dc4.OPERATION#flowable-async-job-executor-thread-2464#
Step "Build Application Deploy Model" finished#
#2026 05 08 08:55:29.929#Z#DEBUG#a05cc58a-4abb-11f1-b3e9-eeee0a988dc4.OPERATION#flowable-async-job-executor-thread-2468#
[CheckServiceBindingOperationStep] Executing task "checkForServiceBindingOperationInProgress" of process "aa23365f-4abb-11f1-8e79-eeee0a981393"...#
#2026 05 08 08:55:29.929#Z#DEBUG#a05cc58a-4abb-11f1-b3e9-eeee0a988dc4.OPERATION#flowable-async-job-executor-thread-2468#
[CheckServiceBindingOperationStep] Checking for service binding operation in progress between app "travel_expense_app-db-deployer" and service instance "travel_expense_app-db"#
#2026 05 08 08:55:29.930#Z#DEBUG#a05cc58a-4abb-11f1-b3e9-eeee0a988dc4.OPERATION#flowable-async-job-executor-thread-2468#
[CheckServiceBindingOperationStep] Getting application guid "travel_expense_app-db-deployer"...#
#2026 05 08 08:55:29.983#Z#DEBUG#a05cc58a-4abb-11f1-b3e9-eeee0a988dc4.OPERATION#flowable-async-job-executor-thread-2468#
[CheckServiceBindingOperationStep] Getting GUID of required service instance "travel_expense_app-db"...#
#2026 05 08 08:55:30.017#Z#DEBUG#a05cc58a-4abb-11f1-b3e9-eeee0a988dc4.OPERATION#flowable-async-job-executor-thread-2468#
[CheckServiceBindingOperationStep] Getting binding of service instance "daae0034-c699-4bcc-8912-7006cb2c1882" with application "12d88eeb-f83c-4f84-aa2c-a59761ea2448"...#
#2026 05 08 08:55:30.057#Z#DEBUG#a05cc58a-4abb-11f1-b3e9-eeee0a988dc4.OPERATION#flowable-async-job-executor-thread-2468#
[CheckServiceBindingOperationStep] Service binding operation "5de5a638-4d7c-4841-8da5-72522284893d" with type "create" is in state "succeeded"#
#2026 05 08 08:55:30.057#Z#DEBUG#a05cc58a-4abb-11f1-b3e9-eeee0a988dc4.OPERATION#flowable-async-job-executor-thread-2468#
Step "Check For Service Binding Operation In Progress" finished#
#2026 05 08 08:55:29.884#Z#DEBUG#a05cc58a-4abb-11f1-b3e9-eeee0a988dc4.OPERATION#flowable-async-job-executor-thread-2464#
[CreateOrUpdateAppStep] Executing task "createAppTask" of process "a9f3e992-4abb-11f1-8e79-eeee0a981393"...#
#2026 05 08 08:55:29.885#Z#DEBUG#a05cc58a-4abb-11f1-b3e9-eeee0a988dc4.OPERATION#flowable-async-job-executor-thread-2464#
[CreateOrUpdateAppStep] Getting application "travel_expense_app-srv"...#
#2026 05 08 08:55:29.924#Z#INFO#a05cc58a-4abb-11f1-b3e9-eeee0a988dc4.OPERATION#flowable-async-job-executor-thread-2464#
[CreateOrUpdateAppStep] Updating application "travel_expense_app-srv"...#
#2026 05 08 08:55:29.929#Z#DEBUG#a05cc58a-4abb-11f1-b3e9-eeee0a988dc4.OPERATION#flowable-async-job-executor-thread-2464#
[CreateOrUpdateAppStep] Getting process for application "1e9a20a1-f0d4-47be-8c16-07c93e1a57bb"...#
#2026 05 08 08:55:29.969#Z#DEBUG#a05cc58a-4abb-11f1-b3e9-eeee0a988dc4.OPERATION#flowable-async-job-executor-thread-2464#
[CreateOrUpdateAppStep] Getting routes for application "1e9a20a1-f0d4-47be-8c16-07c93e1a57bb"...#
#2026 05 08 08:55:30.014#Z#DEBUG#a05cc58a-4abb-11f1-b3e9-eeee0a988dc4.OPERATION#flowable-async-job-executor-thread-2464#
[CreateOrUpdateAppStep] Getting features for application "1e9a20a1-f0d4-47be-8c16-07c93e1a57bb"#
#2026 05 08 08:55:30.046#Z#DEBUG#a05cc58a-4abb-11f1-b3e9-eeee0a988dc4.OPERATION#flowable-async-job-executor-thread-2464#
[CreateOrUpdateAppStep] Updating staging of application "travel_expense_app-srv" to: {
  "isReadinessHealthCheckEnabled" : true,
  "buildpacks" : [ "nodejs_buildpack" ],
  "healthCheckType" : "port",
  "appFeatures" : { }
}#
#2026 05 08 08:55:30.272#Z#DEBUG#a05cc58a-4abb-11f1-b3e9-eeee0a988dc4.OPERATION#flowable-async-job-executor-thread-2464#
[CreateOrUpdateAppStep] Application "travel_expense_app-srv" updated#
#2026 05 08 08:55:30.273#Z#DEBUG#a05cc58a-4abb-11f1-b3e9-eeee0a988dc4.OPERATION#flowable-async-job-executor-thread-2464#
[CreateOrUpdateAppStep] Getting environment of application "1e9a20a1-f0d4-47be-8c16-07c93e1a57bb"...#
#2026 05 08 08:55:30.346#Z#DEBUG#a05cc58a-4abb-11f1-b3e9-eeee0a988dc4.OPERATION#flowable-async-job-executor-thread-2464#
[CreateOrUpdateAppStep] Application "travel_expense_app-srv" updated#
#2026 05 08 08:55:30.346#Z#DEBUG#a05cc58a-4abb-11f1-b3e9-eeee0a988dc4.OPERATION#flowable-async-job-executor-thread-2464#
Step "Create App" finished#
#2026 05 08 08:55:30.096#Z#DEBUG#a05cc58a-4abb-11f1-b3e9-eeee0a988dc4.OPERATION#flowable-async-job-executor-thread-2468#
[DetermineApplicationServiceBindingActionsStep] Executing task "determineApplicationServiceBindingActionsTask" of process "aa23365f-4abb-11f1-8e79-eeee0a981393"...#
#2026 05 08 08:55:30.099#Z#DEBUG#a05cc58a-4abb-11f1-b3e9-eeee0a988dc4.OPERATION#flowable-async-job-executor-thread-2468#
[DetermineApplicationServiceBindingActionsStep] Determine bind/unbind operations of application "travel_expense_app-db-deployer" to service instance "travel_expense_app-db"#
#2026 05 08 08:55:30.099#Z#DEBUG#a05cc58a-4abb-11f1-b3e9-eeee0a988dc4.OPERATION#flowable-async-job-executor-thread-2468#
[DetermineApplicationServiceBindingActionsStep] Getting application "travel_expense_app-db-deployer"...#
#2026 05 08 08:55:30.138#Z#DEBUG#a05cc58a-4abb-11f1-b3e9-eeee0a988dc4.OPERATION#flowable-async-job-executor-thread-2468#
[DetermineApplicationServiceBindingActionsStep] Binding parameters for application "travel_expense_app-db-deployer": { }#
#2026 05 08 08:55:30.172#Z#DEBUG#a05cc58a-4abb-11f1-b3e9-eeee0a988dc4.OPERATION#flowable-async-job-executor-thread-2468#
[DetermineApplicationServiceBindingActionsStep] Check should rebind application "travel_expense_app-db-deployer" and service instance "travel_expense_app-db"#
#2026 05 08 08:55:30.172#Z#DEBUG#a05cc58a-4abb-11f1-b3e9-eeee0a988dc4.OPERATION#flowable-async-job-executor-thread-2468#
[DetermineApplicationServiceBindingActionsStep] Getting GUID of required service instance "travel_expense_app-db"...#
#2026 05 08 08:55:30.199#Z#DEBUG#a05cc58a-4abb-11f1-b3e9-eeee0a988dc4.OPERATION#flowable-async-job-executor-thread-2468#
[DetermineApplicationServiceBindingActionsStep] Getting binding of service instance "daae0034-c699-4bcc-8912-7006cb2c1882" with application "12d88eeb-f83c-4f84-aa2c-a59761ea2448"...#
#2026 05 08 08:55:30.230#Z#DEBUG#a05cc58a-4abb-11f1-b3e9-eeee0a988dc4.OPERATION#flowable-async-job-executor-thread-2468#
[DetermineApplicationServiceBindingActionsStep] Getting parameters of service binding "5de5a638-4d7c-4841-8da5-72522284893d"...#
#2026 05 08 08:55:30.434#Z#INFO#a05cc58a-4abb-11f1-b3e9-eeee0a988dc4.OPERATION#flowable-async-job-executor-thread-2468#
[DetermineApplicationServiceBindingActionsStep] Service instance "travel_expense_app-db" will not be rebound to application "travel_expense_app-db-deployer" because the binding parameters are not modified#
#2026 05 08 08:55:30.438#Z#DEBUG#a05cc58a-4abb-11f1-b3e9-eeee0a988dc4.OPERATION#flowable-async-job-executor-thread-2468#
[DetermineApplicationServiceBindingActionsStep] Calculated binding operations between application "travel_expense_app-db-deployer" and service instance "travel_expense_app-db": unbind - false bind - false#
#2026 05 08 08:55:30.438#Z#DEBUG#a05cc58a-4abb-11f1-b3e9-eeee0a988dc4.OPERATION#flowable-async-job-executor-thread-2468#
Step "Determine Application Service Binding Actions" finished#
#2026 05 08 08:55:30.497#Z#DEBUG#a05cc58a-4abb-11f1-b3e9-eeee0a988dc4.OPERATION#flowable-async-job-executor-thread-2468#
[DetermineVcapServicesPropertiesChangedStep] Executing task "determineVcapServicesPropertiesChangedTask" of process "aa7af2f9-4abb-11f1-8e79-eeee0a981393"...#
#2026 05 08 08:55:30.498#Z#DEBUG#a05cc58a-4abb-11f1-b3e9-eeee0a988dc4.OPERATION#flowable-async-job-executor-thread-2468#
[DetermineVcapServicesPropertiesChangedStep] VCAP_SERVICES properties for application "travel_expense_app-db-deployer" changed: false#
#2026 05 08 08:55:30.498#Z#DEBUG#a05cc58a-4abb-11f1-b3e9-eeee0a988dc4.OPERATION#flowable-async-job-executor-thread-2468#
Step "Determine vcap services properties changed" finished#
#2026 05 08 08:55:30.411#Z#DEBUG#a05cc58a-4abb-11f1-b3e9-eeee0a988dc4.OPERATION#flowable-async-job-executor-thread-2463#
[CheckServiceBindingOperationStep] Executing task "checkForServiceBindingOperationInProgress" of process "aa6d373f-4abb-11f1-8e79-eeee0a981393"...#
#2026 05 08 08:55:30.411#Z#DEBUG#a05cc58a-4abb-11f1-b3e9-eeee0a988dc4.OPERATION#flowable-async-job-executor-thread-2463#
[CheckServiceBindingOperationStep] Checking for service binding operation in progress between app "travel_expense_app-srv" and service instance "travel_expense_app-destination"#
#2026 05 08 08:55:30.411#Z#DEBUG#a05cc58a-4abb-11f1-b3e9-eeee0a988dc4.OPERATION#flowable-async-job-executor-thread-2463#
[CheckServiceBindingOperationStep] Getting application guid "travel_expense_app-srv"...#
#2026 05 08 08:55:30.443#Z#DEBUG#a05cc58a-4abb-11f1-b3e9-eeee0a988dc4.OPERATION#flowable-async-job-executor-thread-2463#
[CheckServiceBindingOperationStep] Getting GUID of required service instance "travel_expense_app-destination"...#
#2026 05 08 08:55:30.471#Z#DEBUG#a05cc58a-4abb-11f1-b3e9-eeee0a988dc4.OPERATION#flowable-async-job-executor-thread-2463#
[CheckServiceBindingOperationStep] Getting binding of service instance "4a6291ef-7fc1-42bd-95ff-7b5741b24e37" with application "1e9a20a1-f0d4-47be-8c16-07c93e1a57bb"...#
#2026 05 08 08:55:30.502#Z#DEBUG#a05cc58a-4abb-11f1-b3e9-eeee0a988dc4.OPERATION#flowable-async-job-executor-thread-2463#
[CheckServiceBindingOperationStep] Service binding operation "5bc7f381-74fd-45c3-9165-0d00a430f82b" with type "create" is in state "succeeded"#
#2026 05 08 08:55:30.502#Z#DEBUG#a05cc58a-4abb-11f1-b3e9-eeee0a988dc4.OPERATION#flowable-async-job-executor-thread-2463#
Step "Check For Service Binding Operation In Progress" finished#
#2026 05 08 08:55:30.521#Z#DEBUG#a05cc58a-4abb-11f1-b3e9-eeee0a988dc4.OPERATION#flowable-async-job-executor-thread-2463#
[DetermineApplicationServiceBindingActionsStep] Executing task "determineApplicationServiceBindingActionsTask" of process "aa6d373f-4abb-11f1-8e79-eeee0a981393"...#
#2026 05 08 08:55:30.522#Z#DEBUG#a05cc58a-4abb-11f1-b3e9-eeee0a988dc4.OPERATION#flowable-async-job-executor-thread-2463#
[DetermineApplicationServiceBindingActionsStep] Determine bind/unbind operations of application "travel_expense_app-srv" to service instance "travel_expense_app-destination"#
#2026 05 08 08:55:30.522#Z#DEBUG#a05cc58a-4abb-11f1-b3e9-eeee0a988dc4.OPERATION#flowable-async-job-executor-thread-2463#
[DetermineApplicationServiceBindingActionsStep] Getting application "travel_expense_app-srv"...#
#2026 05 08 08:55:30.557#Z#DEBUG#a05cc58a-4abb-11f1-b3e9-eeee0a988dc4.OPERATION#flowable-async-job-executor-thread-2463#
[DetermineApplicationServiceBindingActionsStep] Binding parameters for application "travel_expense_app-srv": { }#
#2026 05 08 08:55:30.587#Z#DEBUG#a05cc58a-4abb-11f1-b3e9-eeee0a988dc4.OPERATION#flowable-async-job-executor-thread-2463#
[DetermineApplicationServiceBindingActionsStep] Check should rebind application "travel_expense_app-srv" and service instance "travel_expense_app-destination"#
#2026 05 08 08:55:30.587#Z#DEBUG#a05cc58a-4abb-11f1-b3e9-eeee0a988dc4.OPERATION#flowable-async-job-executor-thread-2463#
[DetermineApplicationServiceBindingActionsStep] Getting GUID of required service instance "travel_expense_app-destination"...#
#2026 05 08 08:55:30.615#Z#DEBUG#a05cc58a-4abb-11f1-b3e9-eeee0a988dc4.OPERATION#flowable-async-job-executor-thread-2463#
[DetermineApplicationServiceBindingActionsStep] Getting binding of service instance "4a6291ef-7fc1-42bd-95ff-7b5741b24e37" with application "1e9a20a1-f0d4-47be-8c16-07c93e1a57bb"...#
#2026 05 08 08:55:30.644#Z#DEBUG#a05cc58a-4abb-11f1-b3e9-eeee0a988dc4.OPERATION#flowable-async-job-executor-thread-2463#
[DetermineApplicationServiceBindingActionsStep] Getting parameters of service binding "5bc7f381-74fd-45c3-9165-0d00a430f82b"...#
#2026 05 08 08:55:30.674#Z#WARN#a05cc58a-4abb-11f1-b3e9-eeee0a988dc4.OPERATION#flowable-async-job-executor-thread-2463#
[DetermineApplicationServiceBindingActionsStep] Cannot retrieve parameters of binding between application "travel_expense_app-srv" and service instance "travel_expense_app-destination"#
#2026 05 08 08:55:30.675#Z#DEBUG#a05cc58a-4abb-11f1-b3e9-eeee0a988dc4.OPERATION#flowable-async-job-executor-thread-2463#
[DetermineApplicationServiceBindingActionsStep] Calculated binding operations between application "travel_expense_app-srv" and service instance "travel_expense_app-destination": unbind - true bind - true#
#2026 05 08 08:55:30.675#Z#DEBUG#a05cc58a-4abb-11f1-b3e9-eeee0a988dc4.OPERATION#flowable-async-job-executor-thread-2463#
Step "Determine Application Service Binding Actions" finished#
#2026 05 08 08:55:30.697#Z#DEBUG#a05cc58a-4abb-11f1-b3e9-eeee0a988dc4.OPERATION#flowable-async-job-executor-thread-2463#
[UnbindServiceFromApplicationStep] Executing task "unbindServiceFromApplicationTask" of process "aa6d373f-4abb-11f1-8e79-eeee0a981393"...#
#2026 05 08 08:55:30.698#Z#INFO#a05cc58a-4abb-11f1-b3e9-eeee0a988dc4.OPERATION#flowable-async-job-executor-thread-2463#
[UnbindServiceFromApplicationStep] Unbinding service instance "travel_expense_app-destination" from application "travel_expense_app-srv"...#
#2026 05 08 08:55:30.701#Z#DEBUG#a05cc58a-4abb-11f1-b3e9-eeee0a988dc4.OPERATION#flowable-async-job-executor-thread-2463#
[UnbindServiceFromApplicationStep] Unbinding application "travel_expense_app-srv" from service instance "travel_expense_app-destination"...#
#2026 05 08 08:55:30.853#Z#DEBUG#a05cc58a-4abb-11f1-b3e9-eeee0a988dc4.OPERATION#flowable-async-job-executor-thread-2463#
Step "Unbind Service from Application" finished#
#2026 05 08 08:55:30.516#Z#DEBUG#a05cc58a-4abb-11f1-b3e9-eeee0a988dc4.OPERATION#flowable-async-job-executor-thread-2468#
[UploadAppStep] Executing task "uploadAppTask" of process "aa7af2f9-4abb-11f1-8e79-eeee0a981393"...#
#2026 05 08 08:55:30.517#Z#DEBUG#a05cc58a-4abb-11f1-b3e9-eeee0a988dc4.OPERATION#flowable-async-job-executor-thread-2468#
[UploadAppStep] Application upload timeout is default one: 3,600 seconds#
#2026 05 08 08:55:30.517#Z#INFO#a05cc58a-4abb-11f1-b3e9-eeee0a988dc4.OPERATION#flowable-async-job-executor-thread-2468#
[UploadAppStep] Uploading application "travel_expense_app-db-deployer"...#
#2026 05 08 08:55:30.522#Z#DEBUG#a05cc58a-4abb-11f1-b3e9-eeee0a988dc4.OPERATION#flowable-async-job-executor-thread-2468#
[UploadAppStep] Getting application "travel_expense_app-db-deployer"...#
#2026 05 08 08:55:30.558#Z#DEBUG#a05cc58a-4abb-11f1-b3e9-eeee0a988dc4.OPERATION#flowable-async-job-executor-thread-2468#
[UploadAppStep] Getting environment of application "12d88eeb-f83c-4f84-aa2c-a59761ea2448"...#
#2026 05 08 08:55:30.594#Z#INFO#a05cc58a-4abb-11f1-b3e9-eeee0a988dc4.OPERATION#flowable-async-job-executor-thread-2468#
[UploadAppStep] Calculating application digest: "travel_expense_app-db-deployer"#
#2026 05 08 08:55:30.685#Z#DEBUG#a05cc58a-4abb-11f1-b3e9-eeee0a988dc4.OPERATION#flowable-async-job-executor-thread-2468#
[UploadAppStep] Getting packages for application: "12d88eeb-f83c-4f84-aa2c-a59761ea2448"#
#2026 05 08 08:55:30.727#Z#DEBUG#a05cc58a-4abb-11f1-b3e9-eeee0a988dc4.OPERATION#flowable-async-job-executor-thread-2468#
[UploadAppStep] Getting the current droplet for application: "12d88eeb-f83c-4f84-aa2c-a59761ea2448"#
#2026 05 08 08:55:30.750#Z#DEBUG#a05cc58a-4abb-11f1-b3e9-eeee0a988dc4.OPERATION#flowable-async-job-executor-thread-2468#
[UploadAppStep] Getting package by id: "2dff697d-8a02-4f72-a12e-5193f2fe5026"#
#2026 05 08 08:55:30.778#Z#DEBUG#a05cc58a-4abb-11f1-b3e9-eeee0a988dc4.OPERATION#flowable-async-job-executor-thread-2468#
[UploadAppStep] Getting builds for application "12d88eeb-f83c-4f84-aa2c-a59761ea2448"...#
#2026 05 08 08:55:30.955#Z#DEBUG#a05cc58a-4abb-11f1-b3e9-eeee0a988dc4.OPERATION#flowable-async-job-executor-thread-2468#
[UploadAppStep] Getting the current droplet for application: "12d88eeb-f83c-4f84-aa2c-a59761ea2448"#
#2026 05 08 08:55:30.984#Z#INFO#a05cc58a-4abb-11f1-b3e9-eeee0a988dc4.OPERATION#flowable-async-job-executor-thread-2468#
[UploadAppStep] Content of application "travel_expense_app-db-deployer" is not changed - upload will be skipped.#
#2026 05 08 08:55:30.987#Z#DEBUG#a05cc58a-4abb-11f1-b3e9-eeee0a988dc4.OPERATION#flowable-async-job-executor-thread-2468#
Step "Upload App" finished#
#2026 05 08 08:55:31.010#Z#DEBUG#a05cc58a-4abb-11f1-b3e9-eeee0a988dc4.OPERATION#flowable-async-job-executor-thread-2468#
[ScaleAppStep] Executing task "scaleAppTask" of process "aa7af2f9-4abb-11f1-8e79-eeee0a981393"...#
#2026 05 08 08:55:31.011#Z#DEBUG#a05cc58a-4abb-11f1-b3e9-eeee0a988dc4.OPERATION#flowable-async-job-executor-thread-2468#
[ScaleAppStep] Scaling application "travel_expense_app-db-deployer"...#
#2026 05 08 08:55:31.011#Z#DEBUG#a05cc58a-4abb-11f1-b3e9-eeee0a988dc4.OPERATION#flowable-async-job-executor-thread-2468#
[ScaleAppStep] Getting application guid "travel_expense_app-db-deployer"...#
#2026 05 08 08:55:31.047#Z#DEBUG#a05cc58a-4abb-11f1-b3e9-eeee0a988dc4.OPERATION#flowable-async-job-executor-thread-2468#
[ScaleAppStep] Getting process for application "12d88eeb-f83c-4f84-aa2c-a59761ea2448"...#
#2026 05 08 08:55:31.073#Z#DEBUG#a05cc58a-4abb-11f1-b3e9-eeee0a988dc4.OPERATION#flowable-async-job-executor-thread-2468#
[ScaleAppStep] Application "travel_expense_app-db-deployer" scaled#
#2026 05 08 08:55:31.073#Z#DEBUG#a05cc58a-4abb-11f1-b3e9-eeee0a988dc4.OPERATION#flowable-async-job-executor-thread-2468#
Step "Scale App" finished#
#2026 05 08 08:55:31.091#Z#DEBUG#a05cc58a-4abb-11f1-b3e9-eeee0a988dc4.OPERATION#flowable-async-job-executor-thread-2468#
[DetermineDesiredStateAchievingActionsStep] Executing task "determineDesiredStateAchievingActionsTask" of process "aa7af2f9-4abb-11f1-8e79-eeee0a981393"...#
#2026 05 08 08:55:31.091#Z#DEBUG#a05cc58a-4abb-11f1-b3e9-eeee0a988dc4.OPERATION#flowable-async-job-executor-thread-2468#
[DetermineDesiredStateAchievingActionsStep] Getting application "travel_expense_app-db-deployer"...#
#2026 05 08 08:55:31.128#Z#DEBUG#a05cc58a-4abb-11f1-b3e9-eeee0a988dc4.OPERATION#flowable-async-job-executor-thread-2468#
[DetermineDesiredStateAchievingActionsStep] Getting instances for application "travel_expense_app-db-deployer"...#
#2026 05 08 08:55:31.159#Z#DEBUG#a05cc58a-4abb-11f1-b3e9-eeee0a988dc4.OPERATION#flowable-async-job-executor-thread-2468#
[DetermineDesiredStateAchievingActionsStep] Getting environment of application "12d88eeb-f83c-4f84-aa2c-a59761ea2448"...#
#2026 05 08 08:55:31.190#Z#DEBUG#a05cc58a-4abb-11f1-b3e9-eeee0a988dc4.OPERATION#flowable-async-job-executor-thread-2468#
[DetermineDesiredStateAchievingActionsStep] Current state of application travel_expense_app-db-deployer: INCONSISTENT#
#2026 05 08 08:55:31.190#Z#DEBUG#a05cc58a-4abb-11f1-b3e9-eeee0a988dc4.OPERATION#flowable-async-job-executor-thread-2468#
[DetermineDesiredStateAchievingActionsStep] Desired state of application travel_expense_app-db-deployer: STOPPED#
#2026 05 08 08:55:31.190#Z#DEBUG#a05cc58a-4abb-11f1-b3e9-eeee0a988dc4.OPERATION#flowable-async-job-executor-thread-2468#
[DetermineDesiredStateAchievingActionsStep] Actions that should be executed on application travel_expense_app-db-deployer: [STOP, STAGE]#
#2026 05 08 08:55:31.190#Z#DEBUG#a05cc58a-4abb-11f1-b3e9-eeee0a988dc4.OPERATION#flowable-async-job-executor-thread-2468#
Step "Determine Desired State Achieving Actions" finished#
#2026 05 08 08:55:31.211#Z#DEBUG#a05cc58a-4abb-11f1-b3e9-eeee0a988dc4.OPERATION#flowable-async-job-executor-thread-2468#
[StopAppStep] Executing task "stopAppTask" of process "aa7af2f9-4abb-11f1-8e79-eeee0a981393"...#
#2026 05 08 08:55:31.212#Z#INFO#a05cc58a-4abb-11f1-b3e9-eeee0a988dc4.OPERATION#flowable-async-job-executor-thread-2468#
[StopAppStep] Stopping application "travel_expense_app-db-deployer"...#
#2026 05 08 08:55:31.215#Z#DEBUG#a05cc58a-4abb-11f1-b3e9-eeee0a988dc4.OPERATION#flowable-async-job-executor-thread-2468#
[StopAppStep] Stopping application "travel_expense_app-db-deployer"...#
#2026 05 08 08:55:31.362#Z#DEBUG#a05cc58a-4abb-11f1-b3e9-eeee0a988dc4.OPERATION#flowable-async-job-executor-thread-2468#
[StopAppStep] Application "travel_expense_app-db-deployer" stopped#
#2026 05 08 08:55:31.362#Z#DEBUG#a05cc58a-4abb-11f1-b3e9-eeee0a988dc4.OPERATION#flowable-async-job-executor-thread-2468#
[StopAppStep] Getting environment of application "12d88eeb-f83c-4f84-aa2c-a59761ea2448"...#
#2026 05 08 08:55:31.396#Z#DEBUG#a05cc58a-4abb-11f1-b3e9-eeee0a988dc4.OPERATION#flowable-async-job-executor-thread-2468#
Step "Stop App" finished#
#2026 05 08 08:55:31.421#Z#DEBUG#a05cc58a-4abb-11f1-b3e9-eeee0a988dc4.OPERATION#flowable-async-job-executor-thread-2468#
[StageAppStep] Executing task "stageAppTask" of process "ab083e68-4abb-11f1-8e79-eeee0a981393"...#
#2026 05 08 08:55:31.422#Z#DEBUG#a05cc58a-4abb-11f1-b3e9-eeee0a988dc4.OPERATION#flowable-async-job-executor-thread-2468#
[StageAppStep] Application stage timeout is default one: 3,600 seconds#
#2026 05 08 08:55:31.422#Z#DEBUG#a05cc58a-4abb-11f1-b3e9-eeee0a988dc4.OPERATION#flowable-async-job-executor-thread-2468#
Step "Stage App" finished#
#2026 05 08 08:55:31.473#Z#DEBUG#a05cc58a-4abb-11f1-b3e9-eeee0a988dc4.OPERATION#flowable-async-job-executor-thread-2468#
[PrepareToExecuteTasksStep] Executing task "prepareToExecuteTasksTask" of process "ab0f6a88-4abb-11f1-8e79-eeee0a981393"...#
#2026 05 08 08:55:31.473#Z#DEBUG#a05cc58a-4abb-11f1-b3e9-eeee0a988dc4.OPERATION#flowable-async-job-executor-thread-2468#
Step "Prepare To Execute Tasks" finished#
#2026 05 08 08:55:31.492#Z#DEBUG#a05cc58a-4abb-11f1-b3e9-eeee0a988dc4.OPERATION#flowable-async-job-executor-thread-2468#
[ExecuteTaskStep] Executing task "executeTaskTask" of process "ab0f6a88-4abb-11f1-8e79-eeee0a981393"...#
#2026 05 08 08:55:31.493#Z#DEBUG#a05cc58a-4abb-11f1-b3e9-eeee0a988dc4.OPERATION#flowable-async-job-executor-thread-2468#
[ExecuteTaskStep] Application task execution timeout is default one: 43,200 seconds#
#2026 05 08 08:55:31.494#Z#INFO#a05cc58a-4abb-11f1-b3e9-eeee0a988dc4.OPERATION#flowable-async-job-executor-thread-2468#
[ExecuteTaskStep] Executing task "deploy" on application "travel_expense_app-db-deployer"...#
#2026 05 08 08:55:31.497#Z#DEBUG#a05cc58a-4abb-11f1-b3e9-eeee0a988dc4.OPERATION#flowable-async-job-executor-thread-2468#
[ExecuteTaskStep] Running task on application "travel_expense_app-db-deployer": {
  "name" : "deploy",
  "command" : "npm start",
  "limits" : {
    "memory" : 256
  }
}#
#2026 05 08 08:55:31.759#Z#DEBUG#a05cc58a-4abb-11f1-b3e9-eeee0a988dc4.OPERATION#flowable-async-job-executor-thread-2468#
Step "Execute Task" finished#
#2026 05 08 08:55:32.835#Z#DEBUG#a05cc58a-4abb-11f1-b3e9-eeee0a988dc4.OPERATION#flowable-async-job-executor-thread-1858#
[ProcessDescriptorStep] Executing task "reprocessDescriptorTask" of process "abd0c00c-4abb-11f1-bd76-eeee0a83fd1e"...#
#2026 05 08 08:55:32.839#Z#DEBUG#a05cc58a-4abb-11f1-b3e9-eeee0a988dc4.OPERATION#flowable-async-job-executor-thread-1858#
[ProcessDescriptorStep] Resolving properties and parameters in merged descriptor...#
#2026 05 08 08:55:32.847#Z#DEBUG#a05cc58a-4abb-11f1-b3e9-eeee0a988dc4.OPERATION#flowable-async-job-executor-thread-1858#
[ProcessDescriptorStep] Subscriptions: [ ]#
#2026 05 08 08:55:32.872#Z#DEBUG#a05cc58a-4abb-11f1-b3e9-eeee0a988dc4.OPERATION#flowable-async-job-executor-thread-1858#
[ProcessDescriptorStep] MTA modules: [travel_expense_app-destinations, travel_expense_app, travel_expense_app-srv, travel_expense_app-db-deployer, travel_expense_app-app-deployer]#
#2026 05 08 08:55:32.880#Z#DEBUG#a05cc58a-4abb-11f1-b3e9-eeee0a988dc4.OPERATION#flowable-async-job-executor-thread-1858#
[ProcessDescriptorStep] Resolved deployment descriptor: {
  "majorSchemaVersion" : 3,
  "schemaVersion" : "3.3.0",
  "id" : "travel_expense_app",
  "version" : "1.0.0",
  "modules" : [ {
    "majorSchemaVersion" : 3,
    "name" : "travel_expense_app-srv",
    "type" : "javascript.nodejs",
    "path" : "travel_expense_app-srv",
    "properties" : { },
    "parameters" : {
      "default-url" : "https://bc857718trial-dev-travel-expense-app-srv.cfapps.us10-001.hana.ondemand.com",
      "default-app-name" : "travel_expense_app-srv",
      "generated-password" : "********",
      "default-live-url" : "https://bc857718trial-dev-travel-expense-app-srv.cfapps.us10-001.hana.ondemand.com",
      "default-uri" : "bc857718trial-dev-travel-expense-app-srv.cfapps.us10-001.hana.ondemand.com",
      "default-instances" : 1,
      "default-live-host" : "bc857718trial-dev-travel-expense-app-srv",
      "instances" : 1,
      "buildpack" : "nodejs_buildpack",
      "default-host" : "bc857718trial-dev-travel-expense-app-srv",
      "app-name" : "travel_expense_app-srv",
      "default-live-uri" : "bc857718trial-dev-travel-expense-app-srv.cfapps.us10-001.hana.ondemand.com",
      "protocol" : "https",
      "default-live-app-name" : "travel_expense_app-srv",
      "default-live-domain" : "cfapps.us10-001.hana.ondemand.com",
      "domain" : "cfapps.us10-001.hana.ondemand.com",
      "host" : "bc857718trial-dev-travel-expense-app-srv",
      "generated-user" : "********"
    },
    "requiredDependencies" : [ {
      "majorSchemaVersion" : 3,
      "name" : "travel_expense_app-db",
      "properties" : { },
      "parameters" : { },
      "propertiesMetadata" : {
        "metadata" : { }
      },
      "parametersMetadata" : {
        "metadata" : { }
      }
    }, {
      "majorSchemaVersion" : 3,
      "name" : "travel_expense_app-destination",
      "properties" : { },
      "parameters" : { },
      "propertiesMetadata" : {
        "metadata" : { }
      },
      "parametersMetadata" : {
        "metadata" : { }
      }
    } ],
    "providedDependencies" : [ {
      "majorSchemaVersion" : 3,
      "name" : "srv-api",
      "isPublic" : false,
      "properties" : {
        "srv-url" : "https://bc857718trial-dev-travel-expense-app-srv.cfapps.us10-001.hana.ondemand.com"
      },
      "parameters" : { },
      "propertiesMetadata" : {
        "metadata" : { }
      },
      "parametersMetadata" : {
        "metadata" : { }
      }
    }, {
      "majorSchemaVersion" : 3,
      "name" : "travel_expense_app-srv",
      "isPublic" : false,
      "properties" : { },
      "parameters" : { },
      "propertiesMetadata" : {
        "metadata" : { }
      },
      "parametersMetadata" : {
        "metadata" : { }
      }
    } ],
    "propertiesMetadata" : {
      "metadata" : { }
    },
    "parametersMetadata" : {
      "metadata" : { }
    },
    "hooks" : [ ]
  }, {
    "majorSchemaVersion" : 3,
    "name" : "travel_expense_app-db-deployer",
    "type" : "com.sap.xs.hdi",
    "path" : "travel_expense_app-db-deployer",
    "properties" : {
      "EXIT" : 1
    },
    "parameters" : {
      "default-url" : "https://bc857718trial-dev-travel-expense-app-db-deployer.cfapps.us10-001.hana.ondemand.com",
      "default-app-name" : "travel_expense_app-db-deployer",
      "generated-password" : "********",
      "default-live-url" : "https://bc857718trial-dev-travel-expense-app-db-deployer.cfapps.us10-001.hana.ondemand.com",
      "default-uri" : "bc857718trial-dev-travel-expense-app-db-deployer.cfapps.us10-001.hana.ondemand.com",
      "memory" : "256M",
      "default-instances" : 1,
      "no-route" : true,
      "default-live-host" : "bc857718trial-dev-travel-expense-app-db-deployer",
      "instances" : 1,
      "buildpack" : "nodejs_buildpack",
      "default-host" : "bc857718trial-dev-travel-expense-app-db-deployer",
      "app-name" : "travel_expense_app-db-deployer",
      "default-live-uri" : "bc857718trial-dev-travel-expense-app-db-deployer.cfapps.us10-001.hana.ondemand.com",
      "protocol" : "https",
      "default-live-app-name" : "travel_expense_app-db-deployer",
      "default-live-domain" : "cfapps.us10-001.hana.ondemand.com",
      "dependency-type" : "hard",
      "domain" : "cfapps.us10-001.hana.ondemand.com",
      "host" : "bc857718trial-dev-travel-expense-app-db-deployer",
      "generated-user" : "********",
      "tasks" : [ {
        "command" : "npm start",
        "memory" : "256M",
        "name" : "deploy"
      } ],
      "no-start" : true
    },
    "requiredDependencies" : [ {
      "majorSchemaVersion" : 3,
      "name" : "travel_expense_app-db",
      "properties" : { },
      "parameters" : { },
      "propertiesMetadata" : {
        "metadata" : { }
      },
      "parametersMetadata" : {
        "metadata" : { }
      }
    } ],
    "providedDependencies" : [ {
      "majorSchemaVersion" : 3,
      "name" : "travel_expense_app-db-deployer",
      "isPublic" : false,
      "properties" : { },
      "parameters" : { },
      "propertiesMetadata" : {
        "metadata" : { }
      },
      "parametersMetadata" : {
        "metadata" : { }
      }
    } ],
    "propertiesMetadata" : {
      "metadata" : { }
    },
    "parametersMetadata" : {
      "metadata" : { }
    },
    "hooks" : [ ]
  }, {
    "majorSchemaVersion" : 3,
    "name" : "travel_expense_app",
    "type" : "javascript.nodejs",
    "path" : "travel_expense_app",
    "properties" : { },
    "parameters" : {
      "default-url" : "https://bc857718trial-dev-travel-expense-app.cfapps.us10-001.hana.ondemand.com",
      "default-app-name" : "travel_expense_app",
      "generated-password" : "********",
      "default-live-url" : "https://bc857718trial-dev-travel-expense-app.cfapps.us10-001.hana.ondemand.com",
      "default-uri" : "bc857718trial-dev-travel-expense-app.cfapps.us10-001.hana.ondemand.com",
      "memory" : "256M",
      "default-instances" : 1,
      "default-live-host" : "bc857718trial-dev-travel-expense-app",
      "instances" : 1,
      "default-host" : "bc857718trial-dev-travel-expense-app",
      "keep-existing-routes" : true,
      "app-name" : "travel_expense_app",
      "default-live-uri" : "bc857718trial-dev-travel-expense-app.cfapps.us10-001.hana.ondemand.com",
      "protocol" : "https",
      "default-live-app-name" : "travel_expense_app",
      "default-live-domain" : "cfapps.us10-001.hana.ondemand.com",
      "disk-quota" : "256M",
      "domain" : "cfapps.us10-001.hana.ondemand.com",
      "host" : "bc857718trial-dev-travel-expense-app",
      "generated-user" : "********"
    },
    "requiredDependencies" : [ {
      "majorSchemaVersion" : 3,
      "name" : "srv-api",
      "group" : "destinations",
      "properties" : {
        "name" : "srv-api",
        "forwardAuthToken" : "********",
        "url" : "https://bc857718trial-dev-travel-expense-app-srv.cfapps.us10-001.hana.ondemand.com"
      },
      "parameters" : { },
      "propertiesMetadata" : {
        "metadata" : { }
      },
      "parametersMetadata" : {
        "metadata" : { }
      }
    }, {
      "majorSchemaVersion" : 3,
      "name" : "travel_expense_app-html5-runtime",
      "properties" : { },
      "parameters" : { },
      "propertiesMetadata" : {
        "metadata" : { }
      },
      "parametersMetadata" : {
        "metadata" : { }
      }
    }, {
      "majorSchemaVersion" : 3,
      "name" : "xsuaa-service",
      "properties" : { },
      "parameters" : { },
      "propertiesMetadata" : {
        "metadata" : { }
      },
      "parametersMetadata" : {
        "metadata" : { }
      }
    } ],
    "providedDependencies" : [ {
      "majorSchemaVersion" : 3,
      "name" : "app-api",
      "isPublic" : false,
      "properties" : {
        "app-protocol" : "https",
        "app-uri" : "bc857718trial-dev-travel-expense-app.cfapps.us10-001.hana.ondemand.com"
      },
      "parameters" : { },
      "propertiesMetadata" : {
        "metadata" : { }
      },
      "parametersMetadata" : {
        "metadata" : { }
      }
    }, {
      "majorSchemaVersion" : 3,
      "name" : "travel_expense_app",
      "isPublic" : false,
      "properties" : { },
      "parameters" : { },
      "propertiesMetadata" : {
        "metadata" : { }
      },
      "parametersMetadata" : {
        "metadata" : { }
      }
    } ],
    "propertiesMetadata" : {
      "metadata" : { }
    },
    "parametersMetadata" : {
      "metadata" : { }
    },
    "hooks" : [ ]
  }, {
    "majorSchemaVersion" : 3,
    "name" : "travel_expense_app-app-deployer",
    "type" : "com.sap.application.content",
    "path" : "travel_expense_app-app-deployer",
    "properties" : { },
    "parameters" : {
      "default-url" : "https://bc857718trial-dev-travel-expense-app-app-deployer.cfapps.us10-001.hana.ondemand.com",
      "default-app-name" : "travel_expense_app-app-deployer",
      "generated-password" : "********",
      "default-live-url" : "https://bc857718trial-dev-travel-expense-app-app-deployer.cfapps.us10-001.hana.ondemand.com",
      "default-uri" : "bc857718trial-dev-travel-expense-app-app-deployer.cfapps.us10-001.hana.ondemand.com",
      "default-instances" : 1,
      "default-live-host" : "bc857718trial-dev-travel-expense-app-app-deployer",
      "instances" : 1,
      "default-host" : "bc857718trial-dev-travel-expense-app-app-deployer",
      "app-name" : "travel_expense_app-app-deployer",
      "default-live-uri" : "bc857718trial-dev-travel-expense-app-app-deployer.cfapps.us10-001.hana.ondemand.com",
      "protocol" : "https",
      "default-live-app-name" : "travel_expense_app-app-deployer",
      "default-live-domain" : "cfapps.us10-001.hana.ondemand.com",
      "domain" : "cfapps.us10-001.hana.ondemand.com",
      "host" : "bc857718trial-dev-travel-expense-app-app-deployer",
      "generated-user" : "********"
    },
    "requiredDependencies" : [ {
      "majorSchemaVersion" : 3,
      "name" : "srv-api",
      "properties" : { },
      "parameters" : { },
      "propertiesMetadata" : {
        "metadata" : { }
      },
      "parametersMetadata" : {
        "metadata" : { }
      }
    }, {
      "majorSchemaVersion" : 3,
      "name" : "travel_expense_app-html5-repo-host",
      "properties" : { },
      "parameters" : {
        "config" : {
          "HTML5Runtime_enabled" : true
        },
        "content-target" : true
      },
      "propertiesMetadata" : {
        "metadata" : { }
      },
      "parametersMetadata" : {
        "metadata" : { }
      }
    } ],
    "providedDependencies" : [ {
      "majorSchemaVersion" : 3,
      "name" : "travel_expense_app-app-deployer",
      "isPublic" : false,
      "properties" : { },
      "parameters" : { },
      "propertiesMetadata" : {
        "metadata" : { }
      },
      "parametersMetadata" : {
        "metadata" : { }
      }
    } ],
    "propertiesMetadata" : {
      "metadata" : { }
    },
    "parametersMetadata" : {
      "metadata" : { }
    },
    "hooks" : [ ]
  }, {
    "majorSchemaVersion" : 3,
    "name" : "travel_expense_app-destinations",
    "type" : "com.sap.application.content",
    "properties" : { },
    "parameters" : {
      "default-url" : "https://bc857718trial-dev-travel-expense-app-destinations.cfapps.us10-001.hana.ondemand.com",
      "default-app-name" : "travel_expense_app-destinations",
      "generated-password" : "********",
      "default-live-url" : "https://bc857718trial-dev-travel-expense-app-destinations.cfapps.us10-001.hana.ondemand.com",
      "default-uri" : "bc857718trial-dev-travel-expense-app-destinations.cfapps.us10-001.hana.ondemand.com",
      "default-instances" : 1,
      "default-live-host" : "bc857718trial-dev-travel-expense-app-destinations",
      "instances" : 1,
      "default-host" : "bc857718trial-dev-travel-expense-app-destinations",
      "content" : {
        "instance" : {
          "destinations" : [ {
            "Name" : "travel_expense_app-html5-repository",
            "ServiceInstanceName" : "travel_expense_app-html5-repo-host",
            "ServiceKeyName" : "********",
            "sap.cloud.service" : "travel_expense_app.service"
          } ],
          "existing_destinations_policy" : "update"
        }
      },
      "app-name" : "travel_expense_app-destinations",
      "default-live-uri" : "bc857718trial-dev-travel-expense-app-destinations.cfapps.us10-001.hana.ondemand.com",
      "protocol" : "https",
      "default-live-app-name" : "travel_expense_app-destinations",
      "default-live-domain" : "cfapps.us10-001.hana.ondemand.com",
      "domain" : "cfapps.us10-001.hana.ondemand.com",
      "host" : "bc857718trial-dev-travel-expense-app-destinations",
      "generated-user" : "********"
    },
    "requiredDependencies" : [ {
      "majorSchemaVersion" : 3,
      "name" : "travel_expense_app-html5-repo-host",
      "properties" : { },
      "parameters" : {
        "service-key" : "********"
      },
      "propertiesMetadata" : {
        "metadata" : { }
      },
      "parametersMetadata" : {
        "metadata" : { }
      }
    }, {
      "majorSchemaVersion" : 3,
      "name" : "srv-api",
      "properties" : { },
      "parameters" : { },
      "propertiesMetadata" : {
        "metadata" : { }
      },
      "parametersMetadata" : {
        "metadata" : { }
      }
    }, {
      "majorSchemaVersion" : 3,
      "name" : "travel_expense_app-destination",
      "properties" : { },
      "parameters" : {
        "content-target" : true
      },
      "propertiesMetadata" : {
        "metadata" : { }
      },
      "parametersMetadata" : {
        "metadata" : { }
      }
    } ],
    "providedDependencies" : [ {
      "majorSchemaVersion" : 3,
      "name" : "travel_expense_app-destinations",
      "isPublic" : false,
      "properties" : { },
      "parameters" : { },
      "propertiesMetadata" : {
        "metadata" : { }
      },
      "parametersMetadata" : {
        "metadata" : { }
      }
    } ],
    "propertiesMetadata" : {
      "metadata" : { }
    },
    "parametersMetadata" : {
      "metadata" : { }
    },
    "hooks" : [ ]
  } ],
  "resources" : [ {
    "majorSchemaVersion" : 3,
    "name" : "travel_expense_app-db",
    "type" : "com.sap.xs.hdi-container",
    "properties" : { },
    "parameters" : {
      "generated-password" : "********",
      "service-name" : "travel_expense_app-db",
      "service-plan" : "hdi-shared",
      "service" : "hana",
      "generated-user" : "********",
      "default-xsappname" : "travel_expense_app-db",
      "type" : "managed-service",
      "default-service-name" : "travel_expense_app-db",
      "default-container-name" : "BC857718TRIAL_DEV_TRAVEL_EXPENSE_APP_DB"
    },
    "isActive" : true,
    "isOptional" : false,
    "propertiesMetadata" : {
      "metadata" : { }
    },
    "parametersMetadata" : {
      "metadata" : { }
    },
    "requiredDependencies" : [ ],
    "processedAfter" : [ ]
  }, {
    "majorSchemaVersion" : 3,
    "name" : "travel_expense_app-destination",
    "type" : "org.cloudfoundry.managed-service",
    "properties" : { },
    "parameters" : {
      "generated-password" : "********",
      "service-name" : "travel_expense_app-destination",
      "service-plan" : "lite",
      "service" : "destination",
      "generated-user" : "********",
      "default-xsappname" : "travel_expense_app-destination",
      "type" : "managed-service",
      "config" : {
        "HTML5Runtime_enabled" : true,
        "init_data" : {
          "instance" : {
            "destinations" : [ {
              "Authentication" : "********",
              "HTML5.DynamicDestination" : true,
              "HTML5.ForwardAuthToken" : "********",
              "Name" : "srv-api",
              "ProxyType" : "Internet",
              "Type" : "HTTP",
              "URL" : "https://bc857718trial-dev-travel-expense-app-srv.cfapps.us10-001.hana.ondemand.com"
            } ],
            "existing_destinations_policy" : "update"
          }
        }
      },
      "default-service-name" : "travel_expense_app-destination",
      "default-container-name" : "BC857718TRIAL_DEV_TRAVEL_EXPENSE_APP_DESTINATION"
    },
    "isActive" : true,
    "isOptional" : false,
    "propertiesMetadata" : {
      "metadata" : { }
    },
    "parametersMetadata" : {
      "metadata" : { }
    },
    "requiredDependencies" : [ {
      "majorSchemaVersion" : 3,
      "name" : "srv-api",
      "properties" : { },
      "parameters" : { },
      "propertiesMetadata" : {
        "metadata" : { }
      },
      "parametersMetadata" : {
        "metadata" : { }
      }
    } ],
    "processedAfter" : [ ]
  }, {
    "majorSchemaVersion" : 3,
    "name" : "travel_expense_app-html5-repo-host",
    "type" : "org.cloudfoundry.managed-service",
    "properties" : { },
    "parameters" : {
      "generated-password" : "********",
      "service-name" : "travel_expense_app-html5-repo-host",
      "service-plan" : "app-host",
      "service" : "html5-apps-repo",
      "generated-user" : "********",
      "default-xsappname" : "travel_expense_app-html5-repo-host",
      "type" : "managed-service",
      "default-service-name" : "travel_expense_app-html5-repo-host",
      "default-container-name" : "BC857718TRIAL_DEV_TRAVEL_EXPENSE_APP_HTML5_REPO_HOST"
    },
    "isActive" : true,
    "isOptional" : false,
    "propertiesMetadata" : {
      "metadata" : { }
    },
    "parametersMetadata" : {
      "metadata" : { }
    },
    "requiredDependencies" : [ ],
    "processedAfter" : [ ]
  }, {
    "majorSchemaVersion" : 3,
    "name" : "travel_expense_app-html5-runtime",
    "type" : "org.cloudfoundry.managed-service",
    "properties" : { },
    "parameters" : {
      "generated-password" : "********",
      "service-name" : "travel_expense_app-html5-runtime",
      "service-plan" : "app-runtime",
      "service" : "html5-apps-repo",
      "generated-user" : "********",
      "default-xsappname" : "travel_expense_app-html5-runtime",
      "type" : "managed-service",
      "default-service-name" : "travel_expense_app-html5-runtime",
      "default-container-name" : "BC857718TRIAL_DEV_TRAVEL_EXPENSE_APP_HTML5_RUNTIME"
    },
    "isActive" : true,
    "isOptional" : false,
    "propertiesMetadata" : {
      "metadata" : { }
    },
    "parametersMetadata" : {
      "metadata" : { }
    },
    "requiredDependencies" : [ ],
    "processedAfter" : [ ]
  }, {
    "majorSchemaVersion" : 3,
    "name" : "xsuaa-service",
    "type" : "org.cloudfoundry.managed-service",
    "properties" : { },
    "parameters" : {
      "generated-password" : "********",
      "path" : "./xs-security.json",
      "service-name" : "xsuaa-service",
      "service-plan" : "application",
      "service" : "xsuaa",
      "generated-user" : "********",
      "default-xsappname" : "xsuaa-service",
      "type" : "managed-service",
      "default-service-name" : "xsuaa-service",
      "default-container-name" : "BC857718TRIAL_DEV_XSUAA_SERVICE"
    },
    "isActive" : true,
    "isOptional" : false,
    "propertiesMetadata" : {
      "metadata" : { }
    },
    "parametersMetadata" : {
      "metadata" : { }
    },
    "requiredDependencies" : [ ],
    "processedAfter" : [ ]
  } ],
  "parameters" : {
    "deploy_mode" : "html5-repo",
    "mta-id" : "travel_expense_app",
    "authorization-url" : "********",
    "org-guid" : "a60e8087-87c3-481b-a9dc-503c803f5b82",
    "org" : "bc857718trial",
    "deploy-target" : "bc857718trial dev",
    "enable-parallel-deployments" : true,
    "region-primary-domain" : "us10.hana.ondemand.com",
    "space" : "dev",
    "region-domain" : "us10-001.hana.ondemand.com",
    "xs-api-url" : "https://api.cf.us10-001.hana.ondemand.com",
    "deploy-url" : "deploy-service.cfapps.us10-001.hana.ondemand.com",
    "xs-type" : "CF",
    "default-domain" : "cfapps.us10-001.hana.ondemand.com",
    "mta-version" : "1.0.0",
    "xs-auth-url" : "********",
    "space-guid" : "b3040adf-9a0c-491b-b2f3-ae2e732cc19f",
    "user" : "********",
    "controller-url" : "https://api.cf.us10-001.hana.ondemand.com",
    "timestamp" : "20260508085513"
  },
  "parametersMetadata" : {
    "metadata" : { }
  }
}#
#2026 05 08 08:55:32.880#Z#DEBUG#a05cc58a-4abb-11f1-b3e9-eeee0a988dc4.OPERATION#flowable-async-job-executor-thread-1858#
[ProcessDescriptorStep] Merged descriptor properties and parameters resolved#
#2026 05 08 08:55:32.880#Z#DEBUG#a05cc58a-4abb-11f1-b3e9-eeee0a988dc4.OPERATION#flowable-async-job-executor-thread-1858#
Step "Re-Process Descriptor Step" finished#
#2026 05 08 08:55:32.762#Z#DEBUG#a05cc58a-4abb-11f1-b3e9-eeee0a988dc4.OPERATION#flowable-async-job-executor-thread-1852#
[CheckServiceBindingOperationStep] Executing task "checkForServiceBindingOperationInProgress" of process "abcb40d8-4abb-11f1-bd76-eeee0a83fd1e"...#
#2026 05 08 08:55:32.762#Z#DEBUG#a05cc58a-4abb-11f1-b3e9-eeee0a988dc4.OPERATION#flowable-async-job-executor-thread-1852#
[CheckServiceBindingOperationStep] Checking for service binding operation in progress between app "travel_expense_app-srv" and service instance "travel_expense_app-db"#
#2026 05 08 08:55:32.764#Z#DEBUG#a05cc58a-4abb-11f1-b3e9-eeee0a988dc4.OPERATION#flowable-async-job-executor-thread-1852#
[CheckServiceBindingOperationStep] Getting application guid "travel_expense_app-srv"...#
#2026 05 08 08:55:32.812#Z#DEBUG#a05cc58a-4abb-11f1-b3e9-eeee0a988dc4.OPERATION#flowable-async-job-executor-thread-1852#
[CheckServiceBindingOperationStep] Getting GUID of required service instance "travel_expense_app-db"...#
#2026 05 08 08:55:32.849#Z#DEBUG#a05cc58a-4abb-11f1-b3e9-eeee0a988dc4.OPERATION#flowable-async-job-executor-thread-1852#
[CheckServiceBindingOperationStep] Getting binding of service instance "daae0034-c699-4bcc-8912-7006cb2c1882" with application "1e9a20a1-f0d4-47be-8c16-07c93e1a57bb"...#
#2026 05 08 08:55:32.887#Z#DEBUG#a05cc58a-4abb-11f1-b3e9-eeee0a988dc4.OPERATION#flowable-async-job-executor-thread-1852#
[CheckServiceBindingOperationStep] Service binding operation "866948a0-aff0-47bf-8b15-cfa5fb8eda4b" with type "create" is in state "succeeded"#
#2026 05 08 08:55:32.887#Z#DEBUG#a05cc58a-4abb-11f1-b3e9-eeee0a988dc4.OPERATION#flowable-async-job-executor-thread-1852#
Step "Check For Service Binding Operation In Progress" finished#
#2026 05 08 08:55:32.939#Z#DEBUG#a05cc58a-4abb-11f1-b3e9-eeee0a988dc4.OPERATION#flowable-async-job-executor-thread-1858#
[BuildApplicationDeployModelStep] Executing task "buildApplicationDeployModelTask" of process "abd0c00c-4abb-11f1-bd76-eeee0a83fd1e"...#
#2026 05 08 08:55:32.948#Z#DEBUG#a05cc58a-4abb-11f1-b3e9-eeee0a988dc4.OPERATION#flowable-async-job-executor-thread-1858#
[BuildApplicationDeployModelStep] Building cloud deployment model for application "travel_expense_app"...#
#2026 05 08 08:55:32.961#Z#DEBUG#a05cc58a-4abb-11f1-b3e9-eeee0a988dc4.OPERATION#flowable-async-job-executor-thread-1858#
[BuildApplicationDeployModelStep] Getting routes for application "c010c0f1-d57e-4fdc-a7bb-0510376a0e4d"...#
#2026 05 08 08:55:33.010#Z#DEBUG#a05cc58a-4abb-11f1-b3e9-eeee0a988dc4.OPERATION#flowable-async-job-executor-thread-1858#
[BuildApplicationDeployModelStep] No health-check-type is specified. Setting default type: port#
#2026 05 08 08:55:33.011#Z#INFO#a05cc58a-4abb-11f1-b3e9-eeee0a988dc4.OPERATION#flowable-async-job-executor-thread-1858#
[BuildApplicationDeployModelStep] Building configuration entries for org bc857718trial, space dev, spaceId b3040adf-9a0c-491b-b2f3-ae2e732cc19f and namespace null!#
#2026 05 08 08:55:33.012#Z#DEBUG#a05cc58a-4abb-11f1-b3e9-eeee0a988dc4.OPERATION#flowable-async-job-executor-thread-1858#
[BuildApplicationDeployModelStep] Configuration entries to publish: [ ]#
#2026 05 08 08:55:33.012#Z#DEBUG#a05cc58a-4abb-11f1-b3e9-eeee0a988dc4.OPERATION#flowable-async-job-executor-thread-1858#
[BuildApplicationDeployModelStep] Cloud deployment model for application built#
#2026 05 08 08:55:33.012#Z#DEBUG#a05cc58a-4abb-11f1-b3e9-eeee0a988dc4.OPERATION#flowable-async-job-executor-thread-1858#
Step "Build Application Deploy Model" finished#
#2026 05 08 08:55:33.039#Z#DEBUG#a05cc58a-4abb-11f1-b3e9-eeee0a988dc4.OPERATION#flowable-async-job-executor-thread-1854#
[BuildContentDeploymentConfigurationStep] Executing task "buildContentDeploymentConfigurationTask" of process "abf2edce-4abb-11f1-bd76-eeee0a83fd1e"...#
#2026 05 08 08:55:33.047#Z#DEBUG#a05cc58a-4abb-11f1-b3e9-eeee0a988dc4.OPERATION#ForkJoinPool-26-worker-1#
[BuildContentDeploymentConfigurationStep] Getting service key "travel_expense_app-destinations-travel_expense_app-destination-credentials" for service instance "travel_expense_app-destination"...#
#2026 05 08 08:55:33.047#Z#DEBUG#a05cc58a-4abb-11f1-b3e9-eeee0a988dc4.OPERATION#ForkJoinPool-26-worker-2#
[BuildContentDeploymentConfigurationStep] Getting service key "travel_expense_app-html5-repo-host-key" for service instance "travel_expense_app-html5-repo-host"...#
#2026 05 08 08:55:33.221#Z#INFO#a05cc58a-4abb-11f1-b3e9-eeee0a988dc4.OPERATION#ForkJoinPool-26-worker-2#
[BuildContentDeploymentConfigurationStep] Service key "travel_expense_app-html5-repo-host-key" for service "travel_expense_app-html5-repo-host" already exists#
#2026 05 08 08:55:33.229#Z#INFO#a05cc58a-4abb-11f1-b3e9-eeee0a988dc4.OPERATION#ForkJoinPool-26-worker-1#
[BuildContentDeploymentConfigurationStep] Service key "travel_expense_app-destinations-travel_expense_app-destination-credentials" for service "travel_expense_app-destination" already exists#
#2026 05 08 08:55:33.237#Z#DEBUG#a05cc58a-4abb-11f1-b3e9-eeee0a988dc4.OPERATION#flowable-async-job-executor-thread-1854#
Step "Build Content Deployment Configuration" finished#
#2026 05 08 08:55:32.945#Z#DEBUG#a05cc58a-4abb-11f1-b3e9-eeee0a988dc4.OPERATION#flowable-async-job-executor-thread-1852#
[DetermineApplicationServiceBindingActionsStep] Executing task "determineApplicationServiceBindingActionsTask" of process "abcb40d8-4abb-11f1-bd76-eeee0a83fd1e"...#
#2026 05 08 08:55:32.951#Z#DEBUG#a05cc58a-4abb-11f1-b3e9-eeee0a988dc4.OPERATION#flowable-async-job-executor-thread-1852#
[DetermineApplicationServiceBindingActionsStep] Determine bind/unbind operations of application "travel_expense_app-srv" to service instance "travel_expense_app-db"#
#2026 05 08 08:55:32.951#Z#DEBUG#a05cc58a-4abb-11f1-b3e9-eeee0a988dc4.OPERATION#flowable-async-job-executor-thread-1852#
[DetermineApplicationServiceBindingActionsStep] Getting application "travel_expense_app-srv"...#
#2026 05 08 08:55:33.006#Z#DEBUG#a05cc58a-4abb-11f1-b3e9-eeee0a988dc4.OPERATION#flowable-async-job-executor-thread-1852#
[DetermineApplicationServiceBindingActionsStep] Binding parameters for application "travel_expense_app-srv": { }#
#2026 05 08 08:55:33.033#Z#DEBUG#a05cc58a-4abb-11f1-b3e9-eeee0a988dc4.OPERATION#flowable-async-job-executor-thread-1852#
[DetermineApplicationServiceBindingActionsStep] Check should rebind application "travel_expense_app-srv" and service instance "travel_expense_app-db"#
#2026 05 08 08:55:33.033#Z#DEBUG#a05cc58a-4abb-11f1-b3e9-eeee0a988dc4.OPERATION#flowable-async-job-executor-thread-1852#
[DetermineApplicationServiceBindingActionsStep] Getting GUID of required service instance "travel_expense_app-db"...#
#2026 05 08 08:55:33.062#Z#DEBUG#a05cc58a-4abb-11f1-b3e9-eeee0a988dc4.OPERATION#flowable-async-job-executor-thread-1852#
[DetermineApplicationServiceBindingActionsStep] Getting binding of service instance "daae0034-c699-4bcc-8912-7006cb2c1882" with application "1e9a20a1-f0d4-47be-8c16-07c93e1a57bb"...#
#2026 05 08 08:55:33.094#Z#DEBUG#a05cc58a-4abb-11f1-b3e9-eeee0a988dc4.OPERATION#flowable-async-job-executor-thread-1852#
[DetermineApplicationServiceBindingActionsStep] Getting parameters of service binding "866948a0-aff0-47bf-8b15-cfa5fb8eda4b"...#
#2026 05 08 08:55:33.265#Z#INFO#a05cc58a-4abb-11f1-b3e9-eeee0a988dc4.OPERATION#flowable-async-job-executor-thread-1852#
[DetermineApplicationServiceBindingActionsStep] Service instance "travel_expense_app-db" will not be rebound to application "travel_expense_app-srv" because the binding parameters are not modified#
#2026 05 08 08:55:33.271#Z#DEBUG#a05cc58a-4abb-11f1-b3e9-eeee0a988dc4.OPERATION#flowable-async-job-executor-thread-1852#
[DetermineApplicationServiceBindingActionsStep] Calculated binding operations between application "travel_expense_app-srv" and service instance "travel_expense_app-db": unbind - false bind - false#
#2026 05 08 08:55:33.271#Z#DEBUG#a05cc58a-4abb-11f1-b3e9-eeee0a988dc4.OPERATION#flowable-async-job-executor-thread-1852#
Step "Determine Application Service Binding Actions" finished#
#2026 05 08 08:55:33.242#Z#DEBUG#a05cc58a-4abb-11f1-b3e9-eeee0a988dc4.OPERATION#flowable-async-job-executor-thread-1854#
[CreateContentDeployClientConfigurationStep] Executing task "createContentDeployClientConfigurationTask" of process "ac215044-4abb-11f1-bd76-eeee0a83fd1e"...#
#2026 05 08 08:55:33.242#Z#DEBUG#a05cc58a-4abb-11f1-b3e9-eeee0a988dc4.OPERATION#flowable-async-job-executor-thread-1854#
[CreateContentDeployClientConfigurationStep] Content deployer client configuration: {
  "contentDeployerUrl" : "https://destination-configuration.cfapps.us10.hana.ondemand.com/destination-configuration/gacd",
  "uaaClientConfiguration" : {
    "url" : "********",
    "credentials" : "********",
    "authenticationStrategyType" : "********"
  },
  "httpRequestHeaders" : {
    "X-CorrelationID" : "a05cc58a-4abb-11f1-b3e9-eeee0a988dc4"
  },
  "spaceId" : "b3040adf-9a0c-491b-b2f3-ae2e732cc19f",
  "serviceName" : "travel_expense_app-destination"
}#
#2026 05 08 08:55:33.434#Z#DEBUG#a05cc58a-4abb-11f1-b3e9-eeee0a988dc4.OPERATION#flowable-async-job-executor-thread-1854#
Step "Create Content Deploy Client Configuration" finished#
#2026 05 08 08:55:33.435#Z#DEBUG#a05cc58a-4abb-11f1-b3e9-eeee0a988dc4.OPERATION#flowable-async-job-executor-thread-1854#
[GetContentFromDeploymentDescriptorStep] Executing task "getContentFromDeploymentDescriptorTask" of process "ac215044-4abb-11f1-bd76-eeee0a83fd1e"...#
#2026 05 08 08:55:33.436#Z#DEBUG#a05cc58a-4abb-11f1-b3e9-eeee0a988dc4.OPERATION#flowable-async-job-executor-thread-1854#
[GetContentFromDeploymentDescriptorStep] Content for module: "travel_expense_app-destinations" is: "{
  "id" : "4f6d9e9d-e51f-4752-b6f7-10968fc80be7",
  "contentType" : "EMBEDDED",
  "content" : {
    "instance" : {
      "destinations" : [ {
        "Name" : "travel_expense_app-html5-repository",
        "ServiceInstanceName" : "travel_expense_app-html5-repo-host",
        "ServiceKeyName" : "********",
        "sap.cloud.service" : "travel_expense_app.service"
      } ],
      "existing_destinations_policy" : "update"
    }
  }
}"#
#2026 05 08 08:55:33.436#Z#DEBUG#a05cc58a-4abb-11f1-b3e9-eeee0a988dc4.OPERATION#flowable-async-job-executor-thread-1854#
Step "Get Content From Deployment Descriptor" finished#
#2026 05 08 08:55:33.081#Z#DEBUG#a05cc58a-4abb-11f1-b3e9-eeee0a988dc4.OPERATION#flowable-async-job-executor-thread-1858#
[CreateOrUpdateAppStep] Executing task "createAppTask" of process "abd0c00c-4abb-11f1-bd76-eeee0a83fd1e"...#
#2026 05 08 08:55:33.084#Z#DEBUG#a05cc58a-4abb-11f1-b3e9-eeee0a988dc4.OPERATION#flowable-async-job-executor-thread-1858#
[CreateOrUpdateAppStep] Getting application "travel_expense_app"...#
#2026 05 08 08:55:33.129#Z#INFO#a05cc58a-4abb-11f1-b3e9-eeee0a988dc4.OPERATION#flowable-async-job-executor-thread-1858#
[CreateOrUpdateAppStep] Updating application "travel_expense_app"...#
#2026 05 08 08:55:33.152#Z#DEBUG#a05cc58a-4abb-11f1-b3e9-eeee0a988dc4.OPERATION#flowable-async-job-executor-thread-1858#
[CreateOrUpdateAppStep] Getting process for application "c010c0f1-d57e-4fdc-a7bb-0510376a0e4d"...#
#2026 05 08 08:55:33.186#Z#DEBUG#a05cc58a-4abb-11f1-b3e9-eeee0a988dc4.OPERATION#flowable-async-job-executor-thread-1858#
[CreateOrUpdateAppStep] Getting routes for application "c010c0f1-d57e-4fdc-a7bb-0510376a0e4d"...#
#2026 05 08 08:55:33.231#Z#DEBUG#a05cc58a-4abb-11f1-b3e9-eeee0a988dc4.OPERATION#flowable-async-job-executor-thread-1858#
[CreateOrUpdateAppStep] Getting features for application "c010c0f1-d57e-4fdc-a7bb-0510376a0e4d"#
#2026 05 08 08:55:33.255#Z#DEBUG#a05cc58a-4abb-11f1-b3e9-eeee0a988dc4.OPERATION#flowable-async-job-executor-thread-1858#
[CreateOrUpdateAppStep] Updating staging of application "travel_expense_app" to: {
  "isReadinessHealthCheckEnabled" : true,
  "buildpacks" : [ ],
  "healthCheckType" : "port",
  "appFeatures" : { }
}#
#2026 05 08 08:55:33.441#Z#DEBUG#a05cc58a-4abb-11f1-b3e9-eeee0a988dc4.OPERATION#flowable-async-job-executor-thread-1858#
[CreateOrUpdateAppStep] Application "travel_expense_app" updated#
#2026 05 08 08:55:33.441#Z#DEBUG#a05cc58a-4abb-11f1-b3e9-eeee0a988dc4.OPERATION#flowable-async-job-executor-thread-1858#
[CreateOrUpdateAppStep] Getting environment of application "c010c0f1-d57e-4fdc-a7bb-0510376a0e4d"...#
#2026 05 08 08:55:33.515#Z#DEBUG#a05cc58a-4abb-11f1-b3e9-eeee0a988dc4.OPERATION#flowable-async-job-executor-thread-1858#
[CreateOrUpdateAppStep] Application "travel_expense_app" updated#
#2026 05 08 08:55:33.515#Z#DEBUG#a05cc58a-4abb-11f1-b3e9-eeee0a988dc4.OPERATION#flowable-async-job-executor-thread-1858#
Step "Create App" finished#
#2026 05 08 08:55:33.644#Z#DEBUG#a05cc58a-4abb-11f1-b3e9-eeee0a988dc4.OPERATION#flowable-async-job-executor-thread-1853#
[CheckServiceBindingOperationStep] Executing task "checkForServiceBindingOperationInProgress" of process "ac569094-4abb-11f1-bd76-eeee0a83fd1e"...#
#2026 05 08 08:55:33.644#Z#DEBUG#a05cc58a-4abb-11f1-b3e9-eeee0a988dc4.OPERATION#flowable-async-job-executor-thread-1853#
[CheckServiceBindingOperationStep] Checking for service binding operation in progress between app "travel_expense_app" and service instance "xsuaa-service"#
#2026 05 08 08:55:33.645#Z#DEBUG#a05cc58a-4abb-11f1-b3e9-eeee0a988dc4.OPERATION#flowable-async-job-executor-thread-1853#
[CheckServiceBindingOperationStep] Getting application guid "travel_expense_app"...#
#2026 05 08 08:55:33.695#Z#DEBUG#a05cc58a-4abb-11f1-b3e9-eeee0a988dc4.OPERATION#flowable-async-job-executor-thread-1853#
[CheckServiceBindingOperationStep] Getting GUID of required service instance "xsuaa-service"...#
#2026 05 08 08:55:33.735#Z#DEBUG#a05cc58a-4abb-11f1-b3e9-eeee0a988dc4.OPERATION#flowable-async-job-executor-thread-1853#
[CheckServiceBindingOperationStep] Getting binding of service instance "e22238b8-b5be-4128-ab2c-9a5632469276" with application "c010c0f1-d57e-4fdc-a7bb-0510376a0e4d"...#
#2026 05 08 08:55:33.767#Z#DEBUG#a05cc58a-4abb-11f1-b3e9-eeee0a988dc4.OPERATION#flowable-async-job-executor-thread-1853#
[CheckServiceBindingOperationStep] Service binding operation "dc642dd3-aed8-4058-9fd4-632dd6a2b5f7" with type "create" is in state "succeeded"#
#2026 05 08 08:55:33.767#Z#DEBUG#a05cc58a-4abb-11f1-b3e9-eeee0a988dc4.OPERATION#flowable-async-job-executor-thread-1853#
Step "Check For Service Binding Operation In Progress" finished#
#2026 05 08 08:55:33.438#Z#DEBUG#a05cc58a-4abb-11f1-b3e9-eeee0a988dc4.OPERATION#flowable-async-job-executor-thread-1854#
[SynchronousContentDeployStep] Executing task "synchronousContentDeployTask" of process "ac215044-4abb-11f1-bd76-eeee0a83fd1e"...#
#2026 05 08 08:55:33.438#Z#INFO#a05cc58a-4abb-11f1-b3e9-eeee0a988dc4.OPERATION#flowable-async-job-executor-thread-1854#
[SynchronousContentDeployStep] Deploying content module "travel_expense_app-destinations" in target service "travel_expense_app-destination"...#
#2026 05 08 08:55:33.592#Z#DEBUG#a05cc58a-4abb-11f1-b3e9-eeee0a988dc4.OPERATION#flowable-async-job-executor-thread-1854#
[SynchronousContentDeployStep] Processing inline content upload for module: travel_expense_app-destinations#
#2026 05 08 08:55:33.781#Z#DEBUG#a05cc58a-4abb-11f1-b3e9-eeee0a988dc4.OPERATION#flowable-async-job-executor-thread-1854#
Step "Synchronous Deploy" finished#
#2026 05 08 08:55:33.805#Z#DEBUG#a05cc58a-4abb-11f1-b3e9-eeee0a988dc4.OPERATION#flowable-async-job-executor-thread-1853#
[DetermineApplicationServiceBindingActionsStep] Executing task "determineApplicationServiceBindingActionsTask" of process "ac569094-4abb-11f1-bd76-eeee0a83fd1e"...#
#2026 05 08 08:55:33.807#Z#DEBUG#a05cc58a-4abb-11f1-b3e9-eeee0a988dc4.OPERATION#flowable-async-job-executor-thread-1853#
[DetermineApplicationServiceBindingActionsStep] Determine bind/unbind operations of application "travel_expense_app" to service instance "xsuaa-service"#
#2026 05 08 08:55:33.807#Z#DEBUG#a05cc58a-4abb-11f1-b3e9-eeee0a988dc4.OPERATION#flowable-async-job-executor-thread-1853#
[DetermineApplicationServiceBindingActionsStep] Getting application "travel_expense_app"...#
#2026 05 08 08:55:33.851#Z#DEBUG#a05cc58a-4abb-11f1-b3e9-eeee0a988dc4.OPERATION#flowable-async-job-executor-thread-1853#
[DetermineApplicationServiceBindingActionsStep] Binding parameters for application "travel_expense_app": { }#
#2026 05 08 08:55:33.885#Z#DEBUG#a05cc58a-4abb-11f1-b3e9-eeee0a988dc4.OPERATION#flowable-async-job-executor-thread-1853#
[DetermineApplicationServiceBindingActionsStep] Check should rebind application "travel_expense_app" and service instance "xsuaa-service"#
#2026 05 08 08:55:33.885#Z#DEBUG#a05cc58a-4abb-11f1-b3e9-eeee0a988dc4.OPERATION#flowable-async-job-executor-thread-1853#
[DetermineApplicationServiceBindingActionsStep] Getting GUID of required service instance "xsuaa-service"...#
#2026 05 08 08:55:33.927#Z#DEBUG#a05cc58a-4abb-11f1-b3e9-eeee0a988dc4.OPERATION#flowable-async-job-executor-thread-1853#
[DetermineApplicationServiceBindingActionsStep] Getting binding of service instance "e22238b8-b5be-4128-ab2c-9a5632469276" with application "c010c0f1-d57e-4fdc-a7bb-0510376a0e4d"...#
#2026 05 08 08:55:33.957#Z#DEBUG#a05cc58a-4abb-11f1-b3e9-eeee0a988dc4.OPERATION#flowable-async-job-executor-thread-1853#
[DetermineApplicationServiceBindingActionsStep] Getting parameters of service binding "dc642dd3-aed8-4058-9fd4-632dd6a2b5f7"...#
#2026 05 08 08:55:33.990#Z#WARN#a05cc58a-4abb-11f1-b3e9-eeee0a988dc4.OPERATION#flowable-async-job-executor-thread-1853#
[DetermineApplicationServiceBindingActionsStep] Cannot retrieve parameters of binding between application "travel_expense_app" and service instance "xsuaa-service"#
#2026 05 08 08:55:33.992#Z#DEBUG#a05cc58a-4abb-11f1-b3e9-eeee0a988dc4.OPERATION#flowable-async-job-executor-thread-1853#
[DetermineApplicationServiceBindingActionsStep] Calculated binding operations between application "travel_expense_app" and service instance "xsuaa-service": unbind - true bind - true#
#2026 05 08 08:55:33.992#Z#DEBUG#a05cc58a-4abb-11f1-b3e9-eeee0a988dc4.OPERATION#flowable-async-job-executor-thread-1853#
Step "Determine Application Service Binding Actions" finished#
#2026 05 08 08:55:34.036#Z#DEBUG#a05cc58a-4abb-11f1-b3e9-eeee0a988dc4.OPERATION#flowable-async-job-executor-thread-1853#
[UnbindServiceFromApplicationStep] Executing task "unbindServiceFromApplicationTask" of process "ac569094-4abb-11f1-bd76-eeee0a83fd1e"...#
#2026 05 08 08:55:34.040#Z#INFO#a05cc58a-4abb-11f1-b3e9-eeee0a988dc4.OPERATION#flowable-async-job-executor-thread-1853#
[UnbindServiceFromApplicationStep] Unbinding service instance "xsuaa-service" from application "travel_expense_app"...#
#2026 05 08 08:55:34.046#Z#DEBUG#a05cc58a-4abb-11f1-b3e9-eeee0a988dc4.OPERATION#flowable-async-job-executor-thread-1853#
[UnbindServiceFromApplicationStep] Unbinding application "travel_expense_app" from service instance "xsuaa-service"...#
#2026 05 08 08:55:34.207#Z#DEBUG#a05cc58a-4abb-11f1-b3e9-eeee0a988dc4.OPERATION#flowable-async-job-executor-thread-1853#
Step "Unbind Service from Application" finished#
#2026 05 08 08:55:35.713#Z#DEBUG#a05cc58a-4abb-11f1-b3e9-eeee0a988dc4.OPERATION#flowable-async-job-executor-thread-2468#
[CheckServiceBindingOperationStep] Executing task "checkForServiceBindingOperationInProgress" of process "ad963d0b-4abb-11f1-8e79-eeee0a981393"...#
#2026 05 08 08:55:35.713#Z#DEBUG#a05cc58a-4abb-11f1-b3e9-eeee0a988dc4.OPERATION#flowable-async-job-executor-thread-2468#
[CheckServiceBindingOperationStep] Checking for service binding operation in progress between app "travel_expense_app" and service instance "travel_expense_app-html5-runtime"#
#2026 05 08 08:55:35.714#Z#DEBUG#a05cc58a-4abb-11f1-b3e9-eeee0a988dc4.OPERATION#flowable-async-job-executor-thread-2468#
[CheckServiceBindingOperationStep] Getting application guid "travel_expense_app"...#
#2026 05 08 08:55:35.749#Z#DEBUG#a05cc58a-4abb-11f1-b3e9-eeee0a988dc4.OPERATION#flowable-async-job-executor-thread-2468#
[CheckServiceBindingOperationStep] Getting GUID of required service instance "travel_expense_app-html5-runtime"...#
#2026 05 08 08:55:35.782#Z#DEBUG#a05cc58a-4abb-11f1-b3e9-eeee0a988dc4.OPERATION#flowable-async-job-executor-thread-2468#
[CheckServiceBindingOperationStep] Getting binding of service instance "81f3fb4f-369f-4362-890b-91b269cf1255" with application "c010c0f1-d57e-4fdc-a7bb-0510376a0e4d"...#
#2026 05 08 08:55:35.816#Z#DEBUG#a05cc58a-4abb-11f1-b3e9-eeee0a988dc4.OPERATION#flowable-async-job-executor-thread-2468#
[CheckServiceBindingOperationStep] Service binding operation "9b255020-1864-4d55-8cea-39c324f416aa" with type "create" is in state "succeeded"#
#2026 05 08 08:55:35.816#Z#DEBUG#a05cc58a-4abb-11f1-b3e9-eeee0a988dc4.OPERATION#flowable-async-job-executor-thread-2468#
Step "Check For Service Binding Operation In Progress" finished#
#2026 05 08 08:55:35.742#Z#DEBUG#a05cc58a-4abb-11f1-b3e9-eeee0a988dc4.OPERATION#flowable-async-job-executor-thread-2471#
[BuildContentDeploymentConfigurationStep] Executing task "buildContentDeploymentConfigurationTask" of process "ad97eb5e-4abb-11f1-8e79-eeee0a981393"...#
#2026 05 08 08:55:35.744#Z#DEBUG#a05cc58a-4abb-11f1-b3e9-eeee0a988dc4.OPERATION#flowable-async-job-executor-thread-2471#
[BuildContentDeploymentConfigurationStep] Getting service key "travel_expense_app-app-deployer-travel_expense_app-html5-repo-host-credentials" for service instance "travel_expense_app-html5-repo-host"...#
#2026 05 08 08:55:35.914#Z#INFO#a05cc58a-4abb-11f1-b3e9-eeee0a988dc4.OPERATION#flowable-async-job-executor-thread-2471#
[BuildContentDeploymentConfigurationStep] Service key "travel_expense_app-app-deployer-travel_expense_app-html5-repo-host-credentials" for service "travel_expense_app-html5-repo-host" already exists#
#2026 05 08 08:55:35.919#Z#DEBUG#a05cc58a-4abb-11f1-b3e9-eeee0a988dc4.OPERATION#flowable-async-job-executor-thread-2471#
Step "Build Content Deployment Configuration" finished#
#2026 05 08 08:55:35.835#Z#DEBUG#a05cc58a-4abb-11f1-b3e9-eeee0a988dc4.OPERATION#flowable-async-job-executor-thread-2468#
[DetermineApplicationServiceBindingActionsStep] Executing task "determineApplicationServiceBindingActionsTask" of process "ad963d0b-4abb-11f1-8e79-eeee0a981393"...#
#2026 05 08 08:55:35.836#Z#DEBUG#a05cc58a-4abb-11f1-b3e9-eeee0a988dc4.OPERATION#flowable-async-job-executor-thread-2468#
[DetermineApplicationServiceBindingActionsStep] Determine bind/unbind operations of application "travel_expense_app" to service instance "travel_expense_app-html5-runtime"#
#2026 05 08 08:55:35.836#Z#DEBUG#a05cc58a-4abb-11f1-b3e9-eeee0a988dc4.OPERATION#flowable-async-job-executor-thread-2468#
[DetermineApplicationServiceBindingActionsStep] Getting application "travel_expense_app"...#
#2026 05 08 08:55:35.881#Z#DEBUG#a05cc58a-4abb-11f1-b3e9-eeee0a988dc4.OPERATION#flowable-async-job-executor-thread-2468#
[DetermineApplicationServiceBindingActionsStep] Binding parameters for application "travel_expense_app": { }#
#2026 05 08 08:55:35.911#Z#DEBUG#a05cc58a-4abb-11f1-b3e9-eeee0a988dc4.OPERATION#flowable-async-job-executor-thread-2468#
[DetermineApplicationServiceBindingActionsStep] Check should rebind application "travel_expense_app" and service instance "travel_expense_app-html5-runtime"#
#2026 05 08 08:55:35.911#Z#DEBUG#a05cc58a-4abb-11f1-b3e9-eeee0a988dc4.OPERATION#flowable-async-job-executor-thread-2468#
[DetermineApplicationServiceBindingActionsStep] Getting GUID of required service instance "travel_expense_app-html5-runtime"...#
#2026 05 08 08:55:35.939#Z#DEBUG#a05cc58a-4abb-11f1-b3e9-eeee0a988dc4.OPERATION#flowable-async-job-executor-thread-2468#
[DetermineApplicationServiceBindingActionsStep] Getting binding of service instance "81f3fb4f-369f-4362-890b-91b269cf1255" with application "c010c0f1-d57e-4fdc-a7bb-0510376a0e4d"...#
#2026 05 08 08:55:35.973#Z#DEBUG#a05cc58a-4abb-11f1-b3e9-eeee0a988dc4.OPERATION#flowable-async-job-executor-thread-2468#
[DetermineApplicationServiceBindingActionsStep] Getting parameters of service binding "9b255020-1864-4d55-8cea-39c324f416aa"...#
#2026 05 08 08:55:35.999#Z#WARN#a05cc58a-4abb-11f1-b3e9-eeee0a988dc4.OPERATION#flowable-async-job-executor-thread-2468#
[DetermineApplicationServiceBindingActionsStep] Cannot retrieve parameters of binding between application "travel_expense_app" and service instance "travel_expense_app-html5-runtime"#
#2026 05 08 08:55:36.001#Z#DEBUG#a05cc58a-4abb-11f1-b3e9-eeee0a988dc4.OPERATION#flowable-async-job-executor-thread-2468#
[DetermineApplicationServiceBindingActionsStep] Calculated binding operations between application "travel_expense_app" and service instance "travel_expense_app-html5-runtime": unbind - true bind - true#
#2026 05 08 08:55:36.001#Z#DEBUG#a05cc58a-4abb-11f1-b3e9-eeee0a988dc4.OPERATION#flowable-async-job-executor-thread-2468#
Step "Determine Application Service Binding Actions" finished#
#2026 05 08 08:55:35.921#Z#DEBUG#a05cc58a-4abb-11f1-b3e9-eeee0a988dc4.OPERATION#flowable-async-job-executor-thread-2471#
[CreateContentDeployClientConfigurationStep] Executing task "createContentDeployClientConfigurationTask" of process "adba3f98-4abb-11f1-8e79-eeee0a981393"...#
#2026 05 08 08:55:35.921#Z#DEBUG#a05cc58a-4abb-11f1-b3e9-eeee0a988dc4.OPERATION#flowable-async-job-executor-thread-2471#
[CreateContentDeployClientConfigurationStep] Content deployer client configuration: {
  "contentDeployerUrl" : "https://html5-apps-repo-dt.cfapps.us10.hana.ondemand.com",
  "uaaClientConfiguration" : {
    "url" : "********",
    "credentials" : "********",
    "authenticationStrategyType" : "********"
  },
  "httpRequestHeaders" : {
    "X-CorrelationID" : "a05cc58a-4abb-11f1-b3e9-eeee0a988dc4"
  },
  "spaceId" : "b3040adf-9a0c-491b-b2f3-ae2e732cc19f",
  "serviceName" : "travel_expense_app-html5-repo-host"
}#
#2026 05 08 08:55:36.130#Z#DEBUG#a05cc58a-4abb-11f1-b3e9-eeee0a988dc4.OPERATION#flowable-async-job-executor-thread-2471#
Step "Create Content Deploy Client Configuration" finished#
#2026 05 08 08:55:36.131#Z#DEBUG#a05cc58a-4abb-11f1-b3e9-eeee0a988dc4.OPERATION#flowable-async-job-executor-thread-2471#
[GetContentFromDeploymentDescriptorStep] Executing task "getContentFromDeploymentDescriptorTask" of process "adba3f98-4abb-11f1-8e79-eeee0a981393"...#
#2026 05 08 08:55:36.131#Z#DEBUG#a05cc58a-4abb-11f1-b3e9-eeee0a988dc4.OPERATION#flowable-async-job-executor-thread-2471#
Step "Get Content From Deployment Descriptor" finished#
#2026 05 08 08:55:36.024#Z#DEBUG#a05cc58a-4abb-11f1-b3e9-eeee0a988dc4.OPERATION#flowable-async-job-executor-thread-2473#
[UnbindServiceFromApplicationStep] Executing task "unbindServiceFromApplicationTask" of process "ad963d0b-4abb-11f1-8e79-eeee0a981393"...#
#2026 05 08 08:55:36.025#Z#INFO#a05cc58a-4abb-11f1-b3e9-eeee0a988dc4.OPERATION#flowable-async-job-executor-thread-2473#
[UnbindServiceFromApplicationStep] Unbinding service instance "travel_expense_app-html5-runtime" from application "travel_expense_app"...#
#2026 05 08 08:55:36.030#Z#DEBUG#a05cc58a-4abb-11f1-b3e9-eeee0a988dc4.OPERATION#flowable-async-job-executor-thread-2473#
[UnbindServiceFromApplicationStep] Unbinding application "travel_expense_app" from service instance "travel_expense_app-html5-runtime"...#
#2026 05 08 08:55:36.170#Z#DEBUG#a05cc58a-4abb-11f1-b3e9-eeee0a988dc4.OPERATION#flowable-async-job-executor-thread-2473#
Step "Unbind Service from Application" finished#
#2026 05 08 08:55:36.132#Z#DEBUG#a05cc58a-4abb-11f1-b3e9-eeee0a988dc4.OPERATION#flowable-async-job-executor-thread-2471#
[UploadContentStep] Executing task "uploadContentTask" of process "adba3f98-4abb-11f1-8e79-eeee0a981393"...#
#2026 05 08 08:55:36.132#Z#INFO#a05cc58a-4abb-11f1-b3e9-eeee0a988dc4.OPERATION#flowable-async-job-executor-thread-2471#
[UploadContentStep] Uploading content module "travel_expense_app-app-deployer" in target service "travel_expense_app-html5-repo-host"...#
#2026 05 08 08:55:36.135#Z#DEBUG#a05cc58a-4abb-11f1-b3e9-eeee0a988dc4.OPERATION#flowable-async-job-executor-thread-2471#
[UploadContentStep] Uploading file "travel_expense_app-app-deployer/app/data.zip" for content module "travel_expense_app-app-deployer" in service "travel_expense_app-html5-repo-host"#
#2026 05 08 08:55:36.329#Z#INFO#a05cc58a-4abb-11f1-b3e9-eeee0a988dc4.OPERATION#flowable-async-job-executor-thread-2471#
[UploadContentStep] Content to deploy size: 29,413 in bytes#
#2026 05 08 08:55:37.519#Z#DEBUG#a05cc58a-4abb-11f1-b3e9-eeee0a988dc4.OPERATION#flowable-async-job-executor-thread-2471#
[UploadContentStep] Uploaded content: {
  "id" : "05fc940a-a61e-4ae2-9362-9927a08a8460",
  "name" : "content.zip",
  "contentType" : "FILE"
}#
#2026 05 08 08:55:37.519#Z#DEBUG#a05cc58a-4abb-11f1-b3e9-eeee0a988dc4.OPERATION#flowable-async-job-executor-thread-2471#
Step "Upload Content" finished#
#2026 05 08 08:55:37.520#Z#DEBUG#a05cc58a-4abb-11f1-b3e9-eeee0a988dc4.OPERATION#flowable-async-job-executor-thread-2471#
[StartContentDeployStep] Executing task "startContentDeployTask" of process "adba3f98-4abb-11f1-8e79-eeee0a981393"...#
#2026 05 08 08:55:37.520#Z#INFO#a05cc58a-4abb-11f1-b3e9-eeee0a988dc4.OPERATION#flowable-async-job-executor-thread-2471#
[StartContentDeployStep] Deploying content module "travel_expense_app-app-deployer" in target service "travel_expense_app-html5-repo-host"...#
#2026 05 08 08:55:37.851#Z#DEBUG#a05cc58a-4abb-11f1-b3e9-eeee0a988dc4.OPERATION#flowable-async-job-executor-thread-2471#
Step "Start Content Deploy" finished#
#2026 05 08 08:55:38.607#Z#DEBUG#a05cc58a-4abb-11f1-b3e9-eeee0a988dc4.OPERATION#flowable-async-job-executor-thread-2474#
[UnbindServiceFromApplicationStep] Executing task "unbindServiceFromApplicationTask" of process "aa6d373f-4abb-11f1-8e79-eeee0a981393"...#
#2026 05 08 08:55:38.607#Z#DEBUG#a05cc58a-4abb-11f1-b3e9-eeee0a988dc4.OPERATION#flowable-async-job-executor-thread-2474#
[UnbindServiceFromApplicationStep] Getting async job "d5b86ed7-c8ac-4dc1-b7fc-77ed94db279e"#
#2026 05 08 08:55:38.632#Z#DEBUG#a05cc58a-4abb-11f1-b3e9-eeee0a988dc4.OPERATION#flowable-async-job-executor-thread-2474#
[UnbindServiceFromApplicationStep] Getting service instance "travel_expense_app-destination"...#
#2026 05 08 08:55:38.736#Z#DEBUG#a05cc58a-4abb-11f1-b3e9-eeee0a988dc4.OPERATION#flowable-async-job-executor-thread-2474#
[UnbindServiceFromApplicationStep] Async service binding operation with id "d5b86ed7-c8ac-4dc1-b7fc-77ed94db279e" finished#
#2026 05 08 08:55:38.737#Z#DEBUG#a05cc58a-4abb-11f1-b3e9-eeee0a988dc4.OPERATION#flowable-async-job-executor-thread-2474#
Step "Unbind Service from Application" finished#
#2026 05 08 08:55:38.972#Z#DEBUG#a05cc58a-4abb-11f1-b3e9-eeee0a988dc4.OPERATION#flowable-async-job-executor-thread-2470#
[BindServiceToApplicationStep] Executing task "bindServiceToApplicationTask" of process "aa6d373f-4abb-11f1-8e79-eeee0a981393"...#
#2026 05 08 08:55:38.973#Z#INFO#a05cc58a-4abb-11f1-b3e9-eeee0a988dc4.OPERATION#flowable-async-job-executor-thread-2470#
[BindServiceToApplicationStep] Binding service instance "travel_expense_app-destination" to application "travel_expense_app-srv"...#
#2026 05 08 08:55:38.976#Z#DEBUG#a05cc58a-4abb-11f1-b3e9-eeee0a988dc4.OPERATION#flowable-async-job-executor-thread-2470#
[BindServiceToApplicationStep] Binding service instance "travel_expense_app-destination" to application "travel_expense_app-srv" with parameters: { }#
#2026 05 08 08:55:39.117#Z#DEBUG#a05cc58a-4abb-11f1-b3e9-eeee0a988dc4.OPERATION#flowable-async-job-executor-thread-2470#
Step "Bind Service to Application" finished#
#2026 05 08 08:55:39.092#Z#DEBUG#a05cc58a-4abb-11f1-b3e9-eeee0a988dc4.OPERATION#flowable-async-job-executor-thread-2473#
[ExecuteTaskStep] Executing task "executeTaskTask" of process "ab0f6a88-4abb-11f1-8e79-eeee0a981393"...#
#2026 05 08 08:55:39.094#Z#DEBUG#a05cc58a-4abb-11f1-b3e9-eeee0a988dc4.OPERATION#flowable-async-job-executor-thread-2473#
[ExecuteTaskStep] Application task execution timeout is default one: 43,200 seconds#
#2026 05 08 08:55:39.094#Z#DEBUG#a05cc58a-4abb-11f1-b3e9-eeee0a988dc4.OPERATION#flowable-async-job-executor-thread-2473#
[ExecuteTaskStep] Getting task "22a414f4-002b-4424-9778-054d579e7732"...#
#2026 05 08 08:55:39.121#Z#DEBUG#a05cc58a-4abb-11f1-b3e9-eeee0a988dc4.OPERATION#flowable-async-job-executor-thread-2473#
[ExecuteTaskStep] Task execution status: running#
#2026 05 08 08:55:39.122#Z#DEBUG#a05cc58a-4abb-11f1-b3e9-eeee0a988dc4.OPERATION#flowable-async-job-executor-thread-2473#
[ExecuteTaskStep] Getting application guid "travel_expense_app-db-deployer"...#
#2026 05 08 08:55:39.228#Z#DEBUG#a05cc58a-4abb-11f1-b3e9-eeee0a988dc4.OPERATION#flowable-async-job-executor-thread-2473#
Step "Execute Task" finished#
#2026 05 08 08:55:48.634#Z#DEBUG#a05cc58a-4abb-11f1-b3e9-eeee0a988dc4.OPERATION#flowable-async-job-executor-thread-2479#
[UnbindServiceFromApplicationStep] Executing task "unbindServiceFromApplicationTask" of process "ac569094-4abb-11f1-bd76-eeee0a83fd1e"...#
#2026 05 08 08:55:48.635#Z#DEBUG#a05cc58a-4abb-11f1-b3e9-eeee0a988dc4.OPERATION#flowable-async-job-executor-thread-2479#
[UnbindServiceFromApplicationStep] Getting async job "a39b5c70-8cbb-4041-939c-ba24fbe65833"#
#2026 05 08 08:55:48.645#Z#DEBUG#a05cc58a-4abb-11f1-b3e9-eeee0a988dc4.OPERATION#flowable-async-job-executor-thread-2475#
[UnbindServiceFromApplicationStep] Executing task "unbindServiceFromApplicationTask" of process "ad963d0b-4abb-11f1-8e79-eeee0a981393"...#
#2026 05 08 08:55:48.646#Z#DEBUG#a05cc58a-4abb-11f1-b3e9-eeee0a988dc4.OPERATION#flowable-async-job-executor-thread-2475#
[UnbindServiceFromApplicationStep] Getting async job "a1f96254-bb75-4a38-ad14-919c52b53c0b"#
#2026 05 08 08:55:48.664#Z#DEBUG#a05cc58a-4abb-11f1-b3e9-eeee0a988dc4.OPERATION#flowable-async-job-executor-thread-2479#
[UnbindServiceFromApplicationStep] Getting service instance "xsuaa-service"...#
#2026 05 08 08:55:48.686#Z#DEBUG#a05cc58a-4abb-11f1-b3e9-eeee0a988dc4.OPERATION#flowable-async-job-executor-thread-2475#
[UnbindServiceFromApplicationStep] Getting service instance "travel_expense_app-html5-runtime"...#
#2026 05 08 08:55:48.770#Z#DEBUG#a05cc58a-4abb-11f1-b3e9-eeee0a988dc4.OPERATION#flowable-async-job-executor-thread-2479#
[UnbindServiceFromApplicationStep] Async service binding operation with id "a39b5c70-8cbb-4041-939c-ba24fbe65833" finished#
#2026 05 08 08:55:48.770#Z#DEBUG#a05cc58a-4abb-11f1-b3e9-eeee0a988dc4.OPERATION#flowable-async-job-executor-thread-2479#
Step "Unbind Service from Application" finished#
#2026 05 08 08:55:48.791#Z#DEBUG#a05cc58a-4abb-11f1-b3e9-eeee0a988dc4.OPERATION#flowable-async-job-executor-thread-2475#
[UnbindServiceFromApplicationStep] Async service binding operation with id "a1f96254-bb75-4a38-ad14-919c52b53c0b" finished#
#2026 05 08 08:55:48.791#Z#DEBUG#a05cc58a-4abb-11f1-b3e9-eeee0a988dc4.OPERATION#flowable-async-job-executor-thread-2475#
Step "Unbind Service from Application" finished#
#2026 05 08 08:55:48.855#Z#DEBUG#a05cc58a-4abb-11f1-b3e9-eeee0a988dc4.OPERATION#flowable-async-job-executor-thread-2480#
[ExecuteTaskStep] Executing task "executeTaskTask" of process "ab0f6a88-4abb-11f1-8e79-eeee0a981393"...#
#2026 05 08 08:55:48.856#Z#DEBUG#a05cc58a-4abb-11f1-b3e9-eeee0a988dc4.OPERATION#flowable-async-job-executor-thread-2480#
[ExecuteTaskStep] Application task execution timeout is default one: 43,200 seconds#
#2026 05 08 08:55:48.857#Z#DEBUG#a05cc58a-4abb-11f1-b3e9-eeee0a988dc4.OPERATION#flowable-async-job-executor-thread-2480#
[ExecuteTaskStep] Getting task "22a414f4-002b-4424-9778-054d579e7732"...#
#2026 05 08 08:55:48.889#Z#DEBUG#a05cc58a-4abb-11f1-b3e9-eeee0a988dc4.OPERATION#flowable-async-job-executor-thread-2480#
[ExecuteTaskStep] Task execution status: failed#
#2026 05 08 08:55:48.890#Z#DEBUG#a05cc58a-4abb-11f1-b3e9-eeee0a988dc4.OPERATION#flowable-async-job-executor-thread-2480#
[ExecuteTaskStep] Getting application guid "travel_expense_app-db-deployer"...#
#2026 05 08 08:55:48.947#Z#ERROR#a05cc58a-4abb-11f1-b3e9-eeee0a988dc4.OPERATION#flowable-async-job-executor-thread-2480#
[ExecuteTaskStep] Execution of task "deploy" on application "travel_expense_app-db-deployer" failed.
Download the application logs via the dmol command and check them for more information.#
#2026 05 08 08:55:48.952#Z#ERROR#a05cc58a-4abb-11f1-b3e9-eeee0a988dc4.OPERATION#flowable-async-job-executor-thread-2480#
Exception caught#
org.cloudfoundry.multiapps.common.SLException: A step of the process has failed. Retrying it may solve the issue.
	at org.cloudfoundry.multiapps.controller.process.steps.SyncFlowableStep.executeInternal(SyncFlowableStep.java:83)
	at org.cloudfoundry.multiapps.controller.process.steps.SyncFlowableStep.lambda$execute$0(SyncFlowableStep.java:71)
	at org.cloudfoundry.multiapps.controller.core.util.LoggingUtil.logWithCorrelationId(LoggingUtil.java:14)
	at org.cloudfoundry.multiapps.controller.process.steps.SyncFlowableStep.execute(SyncFlowableStep.java:71)
	at org.flowable.engine.impl.delegate.invocation.JavaDelegateInvocation.invoke(JavaDelegateInvocation.java:35)
	at org.flowable.engine.impl.delegate.invocation.DelegateInvocation.proceed(DelegateInvocation.java:32)
	at org.flowable.engine.impl.delegate.invocation.DefaultDelegateInterceptor.handleInvocation(DefaultDelegateInterceptor.java:26)
	at org.flowable.engine.impl.bpmn.behavior.ServiceTaskDelegateExpressionActivityBehavior.execute(ServiceTaskDelegateExpressionActivityBehavior.java:177)
	at org.flowable.engine.impl.agenda.ContinueProcessOperation.executeActivityBehavior(ContinueProcessOperation.java:298)
	at org.flowable.engine.impl.agenda.ContinueProcessOperation.executeSynchronous(ContinueProcessOperation.java:175)
	at org.flowable.engine.impl.agenda.ContinueProcessOperation.continueThroughFlowNode(ContinueProcessOperation.java:125)
	at org.flowable.engine.impl.agenda.ContinueProcessOperation.run(ContinueProcessOperation.java:88)
	at org.flowable.common.engine.impl.AbstractEngineConfiguration.lambda$new$0(AbstractEngineConfiguration.java:198)
	at org.flowable.engine.impl.interceptor.CommandInvoker.executeOperation(CommandInvoker.java:189)
	at org.flowable.engine.impl.interceptor.CommandInvoker.executeOperations(CommandInvoker.java:128)
	at org.flowable.engine.impl.interceptor.CommandInvoker.execute(CommandInvoker.java:80)
	at org.flowable.engine.impl.interceptor.BpmnOverrideContextInterceptor.execute(BpmnOverrideContextInterceptor.java:26)
	at org.flowable.common.engine.impl.interceptor.TransactionContextInterceptor.execute(TransactionContextInterceptor.java:53)
	at org.flowable.common.engine.impl.interceptor.CommandContextInterceptor.execute(CommandContextInterceptor.java:105)
	at org.flowable.common.spring.SpringTransactionInterceptor.lambda$execute$0(SpringTransactionInterceptor.java:57)
	at org.springframework.transaction.support.TransactionTemplate.execute(TransactionTemplate.java:140)
	at org.flowable.common.spring.SpringTransactionInterceptor.execute(SpringTransactionInterceptor.java:57)
	at org.flowable.common.engine.impl.interceptor.LogInterceptor.execute(LogInterceptor.java:30)
	at org.flowable.common.engine.impl.cfg.CommandExecutorImpl.execute(CommandExecutorImpl.java:56)
	at org.flowable.common.engine.impl.cfg.CommandExecutorImpl.execute(CommandExecutorImpl.java:51)
	at org.flowable.job.service.impl.asyncexecutor.ExecuteAsyncRunnable.handleTransactionalJob(ExecuteAsyncRunnable.java:177)
	at org.flowable.job.service.impl.asyncexecutor.ExecuteAsyncRunnable.executeJob(ExecuteAsyncRunnable.java:146)
	at org.flowable.job.service.impl.asyncexecutor.ExecuteAsyncRunnable.runInternally(ExecuteAsyncRunnable.java:122)
	at org.flowable.job.service.impl.asyncexecutor.ExecuteAsyncRunnable.run(ExecuteAsyncRunnable.java:96)
	at java.base/java.util.concurrent.ThreadPoolExecutor.runWorker(ThreadPoolExecutor.java:1090)
	at java.base/java.util.concurrent.ThreadPoolExecutor$Worker.run(ThreadPoolExecutor.java:614)
	at java.base/java.lang.Thread.run(Thread.java:1474)
#2026 05 08 08:55:48.956#Z#DEBUG#a05cc58a-4abb-11f1-b3e9-eeee0a988dc4.OPERATION#flowable-async-job-executor-thread-2480#
Step "Execute Task" finished#
#2026 05 08 08:55:48.843#Z#DEBUG#a05cc58a-4abb-11f1-b3e9-eeee0a988dc4.OPERATION#flowable-async-job-executor-thread-2479#
[BindServiceToApplicationStep] Executing task "bindServiceToApplicationTask" of process "aa6d373f-4abb-11f1-8e79-eeee0a981393"...#
#2026 05 08 08:55:48.844#Z#DEBUG#a05cc58a-4abb-11f1-b3e9-eeee0a988dc4.OPERATION#flowable-async-job-executor-thread-2479#
[BindServiceToApplicationStep] Getting async job "cf1bea0f-1f07-4bfe-ba4c-cbb8e2c9588c"#
#2026 05 08 08:55:48.853#Z#DEBUG#a05cc58a-4abb-11f1-b3e9-eeee0a988dc4.OPERATION#flowable-async-job-executor-thread-2470#
[BindServiceToApplicationStep] Executing task "bindServiceToApplicationTask" of process "ac569094-4abb-11f1-bd76-eeee0a83fd1e"...#
#2026 05 08 08:55:48.854#Z#INFO#a05cc58a-4abb-11f1-b3e9-eeee0a988dc4.OPERATION#flowable-async-job-executor-thread-2470#
[BindServiceToApplicationStep] Binding service instance "xsuaa-service" to application "travel_expense_app"...#
#2026 05 08 08:55:48.858#Z#DEBUG#a05cc58a-4abb-11f1-b3e9-eeee0a988dc4.OPERATION#flowable-async-job-executor-thread-2470#
[BindServiceToApplicationStep] Binding service instance "xsuaa-service" to application "travel_expense_app" with parameters: { }#
#2026 05 08 08:55:48.871#Z#DEBUG#a05cc58a-4abb-11f1-b3e9-eeee0a988dc4.OPERATION#flowable-async-job-executor-thread-2479#
[BindServiceToApplicationStep] Getting service instance "travel_expense_app-destination"...#
#2026 05 08 08:55:48.966#Z#DEBUG#a05cc58a-4abb-11f1-b3e9-eeee0a988dc4.OPERATION#flowable-async-job-executor-thread-2479#
[BindServiceToApplicationStep] Async service binding operation with id "cf1bea0f-1f07-4bfe-ba4c-cbb8e2c9588c" finished#
#2026 05 08 08:55:48.966#Z#DEBUG#a05cc58a-4abb-11f1-b3e9-eeee0a988dc4.OPERATION#flowable-async-job-executor-thread-2479#
Step "Bind Service to Application" finished#
#2026 05 08 08:55:49.000#Z#DEBUG#a05cc58a-4abb-11f1-b3e9-eeee0a988dc4.OPERATION#flowable-async-job-executor-thread-2479#
[BindServiceToApplicationStep] Executing task "bindServiceToApplicationTask" of process "ad963d0b-4abb-11f1-8e79-eeee0a981393"...#
#2026 05 08 08:55:49.000#Z#INFO#a05cc58a-4abb-11f1-b3e9-eeee0a988dc4.OPERATION#flowable-async-job-executor-thread-2479#
[BindServiceToApplicationStep] Binding service instance "travel_expense_app-html5-runtime" to application "travel_expense_app"...#
#2026 05 08 08:55:49.001#Z#DEBUG#a05cc58a-4abb-11f1-b3e9-eeee0a988dc4.OPERATION#flowable-async-job-executor-thread-2470#
Step "Bind Service to Application" finished#
#2026 05 08 08:55:49.061#Z#DEBUG#a05cc58a-4abb-11f1-b3e9-eeee0a988dc4.OPERATION#flowable-async-job-executor-thread-2479#
[BindServiceToApplicationStep] Binding service instance "travel_expense_app-html5-runtime" to application "travel_expense_app" with parameters: { }#
#2026 05 08 08:55:49.186#Z#DEBUG#a05cc58a-4abb-11f1-b3e9-eeee0a988dc4.OPERATION#flowable-async-job-executor-thread-2479#
Step "Bind Service to Application" finished#
#2026 05 08 08:55:48.660#Z#DEBUG#a05cc58a-4abb-11f1-b3e9-eeee0a988dc4.OPERATION#flowable-async-job-executor-thread-1861#
[StartContentDeployStep] Executing task "startContentDeployTask" of process "adba3f98-4abb-11f1-8e79-eeee0a981393"...#
#2026 05 08 08:55:48.663#Z#DEBUG#a05cc58a-4abb-11f1-b3e9-eeee0a988dc4.OPERATION#flowable-async-job-executor-thread-1861#
[StartContentDeployStep] Checking status of module content deployment "travel_expense_app-app-deployer" in service "travel_expense_app-html5-repo-host"...#
#2026 05 08 08:55:49.166#Z#DEBUG#a05cc58a-4abb-11f1-b3e9-eeee0a988dc4.OPERATION#flowable-async-job-executor-thread-1861#
[StartContentDeployStep] Deleting content deployment resource "05fc940a-a61e-4ae2-9362-9927a08a8460"...#
#2026 05 08 08:55:49.202#Z#DEBUG#a05cc58a-4abb-11f1-b3e9-eeee0a988dc4.OPERATION#flowable-async-job-executor-thread-1861#
Step "Start Content Deploy" finished#
#2026 05 08 08:55:49.356#Z#DEBUG#a05cc58a-4abb-11f1-b3e9-eeee0a988dc4.OPERATION#flowable-async-job-executor-thread-2480#
[DetermineVcapServicesPropertiesChangedStep] Executing task "determineVcapServicesPropertiesChangedTask" of process "b5a86e1a-4abb-11f1-8e79-eeee0a981393"...#
#2026 05 08 08:55:49.358#Z#DEBUG#a05cc58a-4abb-11f1-b3e9-eeee0a988dc4.OPERATION#flowable-async-job-executor-thread-2480#
[DetermineVcapServicesPropertiesChangedStep] VCAP_SERVICES properties for application "travel_expense_app-srv" changed: true#
#2026 05 08 08:55:49.358#Z#DEBUG#a05cc58a-4abb-11f1-b3e9-eeee0a988dc4.OPERATION#flowable-async-job-executor-thread-2480#
Step "Determine vcap services properties changed" finished#
#2026 05 08 08:55:49.415#Z#DEBUG#a05cc58a-4abb-11f1-b3e9-eeee0a988dc4.OPERATION#flowable-async-job-executor-thread-2476#
[UploadAppStep] Executing task "uploadAppTask" of process "b5a86e1a-4abb-11f1-8e79-eeee0a981393"...#
#2026 05 08 08:55:49.417#Z#DEBUG#a05cc58a-4abb-11f1-b3e9-eeee0a988dc4.OPERATION#flowable-async-job-executor-thread-2476#
[UploadAppStep] Application upload timeout is default one: 3,600 seconds#
#2026 05 08 08:55:49.417#Z#INFO#a05cc58a-4abb-11f1-b3e9-eeee0a988dc4.OPERATION#flowable-async-job-executor-thread-2476#
[UploadAppStep] Uploading application "travel_expense_app-srv"...#
#2026 05 08 08:55:49.422#Z#DEBUG#a05cc58a-4abb-11f1-b3e9-eeee0a988dc4.OPERATION#flowable-async-job-executor-thread-2476#
[UploadAppStep] Getting application "travel_expense_app-srv"...#
#2026 05 08 08:55:49.460#Z#DEBUG#a05cc58a-4abb-11f1-b3e9-eeee0a988dc4.OPERATION#flowable-async-job-executor-thread-2476#
[UploadAppStep] Getting environment of application "1e9a20a1-f0d4-47be-8c16-07c93e1a57bb"...#
#2026 05 08 08:55:49.488#Z#INFO#a05cc58a-4abb-11f1-b3e9-eeee0a988dc4.OPERATION#flowable-async-job-executor-thread-2476#
[UploadAppStep] Calculating application digest: "travel_expense_app-srv"#
#2026 05 08 08:55:49.589#Z#DEBUG#a05cc58a-4abb-11f1-b3e9-eeee0a988dc4.OPERATION#flowable-async-job-executor-thread-2476#
[UploadAppStep] Getting packages for application: "1e9a20a1-f0d4-47be-8c16-07c93e1a57bb"#
#2026 05 08 08:55:49.633#Z#DEBUG#a05cc58a-4abb-11f1-b3e9-eeee0a988dc4.OPERATION#flowable-async-job-executor-thread-2476#
[UploadAppStep] Getting the current droplet for application: "1e9a20a1-f0d4-47be-8c16-07c93e1a57bb"#
#2026 05 08 08:55:49.665#Z#DEBUG#a05cc58a-4abb-11f1-b3e9-eeee0a988dc4.OPERATION#flowable-async-job-executor-thread-2476#
[UploadAppStep] Getting package by id: "084ae532-3e7f-431a-85e2-ccbd48cbe4a4"#
#2026 05 08 08:55:49.693#Z#DEBUG#a05cc58a-4abb-11f1-b3e9-eeee0a988dc4.OPERATION#flowable-async-job-executor-thread-2476#
[UploadAppStep] Getting builds for application "1e9a20a1-f0d4-47be-8c16-07c93e1a57bb"...#
#2026 05 08 08:55:49.860#Z#DEBUG#a05cc58a-4abb-11f1-b3e9-eeee0a988dc4.OPERATION#flowable-async-job-executor-thread-2476#
[UploadAppStep] Getting the current droplet for application: "1e9a20a1-f0d4-47be-8c16-07c93e1a57bb"#
#2026 05 08 08:55:49.886#Z#INFO#a05cc58a-4abb-11f1-b3e9-eeee0a988dc4.OPERATION#flowable-async-job-executor-thread-2476#
[UploadAppStep] Content of application "travel_expense_app-srv" is not changed - upload will be skipped.#
#2026 05 08 08:55:49.889#Z#DEBUG#a05cc58a-4abb-11f1-b3e9-eeee0a988dc4.OPERATION#flowable-async-job-executor-thread-2476#
Step "Upload App" finished#
#2026 05 08 08:55:49.912#Z#DEBUG#a05cc58a-4abb-11f1-b3e9-eeee0a988dc4.OPERATION#flowable-async-job-executor-thread-2476#
[ScaleAppStep] Executing task "scaleAppTask" of process "b5a86e1a-4abb-11f1-8e79-eeee0a981393"...#
#2026 05 08 08:55:49.913#Z#DEBUG#a05cc58a-4abb-11f1-b3e9-eeee0a988dc4.OPERATION#flowable-async-job-executor-thread-2476#
[ScaleAppStep] Scaling application "travel_expense_app-srv"...#
#2026 05 08 08:55:49.913#Z#DEBUG#a05cc58a-4abb-11f1-b3e9-eeee0a988dc4.OPERATION#flowable-async-job-executor-thread-2476#
[ScaleAppStep] Getting application guid "travel_expense_app-srv"...#
#2026 05 08 08:55:49.952#Z#DEBUG#a05cc58a-4abb-11f1-b3e9-eeee0a988dc4.OPERATION#flowable-async-job-executor-thread-2476#
[ScaleAppStep] Getting process for application "1e9a20a1-f0d4-47be-8c16-07c93e1a57bb"...#
#2026 05 08 08:55:49.984#Z#DEBUG#a05cc58a-4abb-11f1-b3e9-eeee0a988dc4.OPERATION#flowable-async-job-executor-thread-2476#
[ScaleAppStep] Application "travel_expense_app-srv" scaled#
#2026 05 08 08:55:49.984#Z#DEBUG#a05cc58a-4abb-11f1-b3e9-eeee0a988dc4.OPERATION#flowable-async-job-executor-thread-2476#
Step "Scale App" finished#
#2026 05 08 08:55:50.038#Z#DEBUG#a05cc58a-4abb-11f1-b3e9-eeee0a988dc4.OPERATION#flowable-async-job-executor-thread-2476#
[DetermineDesiredStateAchievingActionsStep] Executing task "determineDesiredStateAchievingActionsTask" of process "b5a86e1a-4abb-11f1-8e79-eeee0a981393"...#
#2026 05 08 08:55:50.048#Z#DEBUG#a05cc58a-4abb-11f1-b3e9-eeee0a988dc4.OPERATION#flowable-async-job-executor-thread-2476#
[DetermineDesiredStateAchievingActionsStep] Getting application "travel_expense_app-srv"...#
#2026 05 08 08:55:50.085#Z#DEBUG#a05cc58a-4abb-11f1-b3e9-eeee0a988dc4.OPERATION#flowable-async-job-executor-thread-2476#
[DetermineDesiredStateAchievingActionsStep] Getting instances for application "travel_expense_app-srv"...#
#2026 05 08 08:55:50.133#Z#DEBUG#a05cc58a-4abb-11f1-b3e9-eeee0a988dc4.OPERATION#flowable-async-job-executor-thread-2476#
[DetermineDesiredStateAchievingActionsStep] Getting environment of application "1e9a20a1-f0d4-47be-8c16-07c93e1a57bb"...#
#2026 05 08 08:55:50.165#Z#DEBUG#a05cc58a-4abb-11f1-b3e9-eeee0a988dc4.OPERATION#flowable-async-job-executor-thread-2476#
[DetermineDesiredStateAchievingActionsStep] Current state of application travel_expense_app-srv: STARTED#
#2026 05 08 08:55:50.165#Z#DEBUG#a05cc58a-4abb-11f1-b3e9-eeee0a988dc4.OPERATION#flowable-async-job-executor-thread-2476#
[DetermineDesiredStateAchievingActionsStep] Desired state of application travel_expense_app-srv: STARTED#
#2026 05 08 08:55:50.165#Z#DEBUG#a05cc58a-4abb-11f1-b3e9-eeee0a988dc4.OPERATION#flowable-async-job-executor-thread-2476#
[DetermineDesiredStateAchievingActionsStep] Actions that should be executed on application travel_expense_app-srv: [STOP, STAGE, START]#
#2026 05 08 08:55:50.165#Z#DEBUG#a05cc58a-4abb-11f1-b3e9-eeee0a988dc4.OPERATION#flowable-async-job-executor-thread-2476#
Step "Determine Desired State Achieving Actions" finished#
#2026 05 08 08:55:50.191#Z#DEBUG#a05cc58a-4abb-11f1-b3e9-eeee0a988dc4.OPERATION#flowable-async-job-executor-thread-2476#
[StopAppStep] Executing task "stopAppTask" of process "b5a86e1a-4abb-11f1-8e79-eeee0a981393"...#
#2026 05 08 08:55:50.192#Z#INFO#a05cc58a-4abb-11f1-b3e9-eeee0a988dc4.OPERATION#flowable-async-job-executor-thread-2476#
[StopAppStep] Stopping application "travel_expense_app-srv"...#
#2026 05 08 08:55:50.195#Z#DEBUG#a05cc58a-4abb-11f1-b3e9-eeee0a988dc4.OPERATION#flowable-async-job-executor-thread-2476#
[StopAppStep] Stopping application "travel_expense_app-srv"...#
#2026 05 08 08:55:50.348#Z#DEBUG#a05cc58a-4abb-11f1-b3e9-eeee0a988dc4.OPERATION#flowable-async-job-executor-thread-2476#
[StopAppStep] Application "travel_expense_app-srv" stopped#
#2026 05 08 08:55:50.348#Z#DEBUG#a05cc58a-4abb-11f1-b3e9-eeee0a988dc4.OPERATION#flowable-async-job-executor-thread-2476#
[StopAppStep] Getting environment of application "1e9a20a1-f0d4-47be-8c16-07c93e1a57bb"...#
#2026 05 08 08:55:50.379#Z#DEBUG#a05cc58a-4abb-11f1-b3e9-eeee0a988dc4.OPERATION#flowable-async-job-executor-thread-2476#
Step "Stop App" finished#
#2026 05 08 08:55:50.408#Z#DEBUG#a05cc58a-4abb-11f1-b3e9-eeee0a988dc4.OPERATION#flowable-async-job-executor-thread-2476#
[StageAppStep] Executing task "stageAppTask" of process "b658d29f-4abb-11f1-8e79-eeee0a981393"...#
#2026 05 08 08:55:50.409#Z#DEBUG#a05cc58a-4abb-11f1-b3e9-eeee0a988dc4.OPERATION#flowable-async-job-executor-thread-2476#
[StageAppStep] Application stage timeout is default one: 3,600 seconds#
#2026 05 08 08:55:50.410#Z#DEBUG#a05cc58a-4abb-11f1-b3e9-eeee0a988dc4.OPERATION#flowable-async-job-executor-thread-2476#
Step "Stage App" finished#
#2026 05 08 08:55:50.433#Z#DEBUG#a05cc58a-4abb-11f1-b3e9-eeee0a988dc4.OPERATION#flowable-async-job-executor-thread-2476#
[RestartAppStep] Executing task "startAppTask" of process "b658d29f-4abb-11f1-8e79-eeee0a981393"...#
#2026 05 08 08:55:50.435#Z#DEBUG#a05cc58a-4abb-11f1-b3e9-eeee0a988dc4.OPERATION#flowable-async-job-executor-thread-2476#
[RestartAppStep] Application start timeout is default one: 3,600 seconds#
#2026 05 08 08:55:50.438#Z#DEBUG#a05cc58a-4abb-11f1-b3e9-eeee0a988dc4.OPERATION#flowable-async-job-executor-thread-2476#
[RestartAppStep] Getting application "travel_expense_app-srv"...#
#2026 05 08 08:55:50.481#Z#INFO#a05cc58a-4abb-11f1-b3e9-eeee0a988dc4.OPERATION#flowable-async-job-executor-thread-2476#
[RestartAppStep] Starting application "travel_expense_app-srv"...#
#2026 05 08 08:55:50.485#Z#DEBUG#a05cc58a-4abb-11f1-b3e9-eeee0a988dc4.OPERATION#flowable-async-job-executor-thread-2476#
[RestartAppStep] Starting application "travel_expense_app-srv"...#
#2026 05 08 08:55:50.689#Z#DEBUG#a05cc58a-4abb-11f1-b3e9-eeee0a988dc4.OPERATION#flowable-async-job-executor-thread-2476#
Step "Start App" finished#
#2026 05 08 08:55:50.622#Z#DEBUG#a05cc58a-4abb-11f1-b3e9-eeee0a988dc4.OPERATION#flowable-async-job-executor-thread-1667#
[ExecuteTaskStep] Executing task "executeTaskTask" of process "ab0f6a88-4abb-11f1-8e79-eeee0a981393"...#
#2026 05 08 08:55:50.637#Z#DEBUG#a05cc58a-4abb-11f1-b3e9-eeee0a988dc4.OPERATION#flowable-async-job-executor-thread-1667#
[ExecuteTaskStep] Application task execution timeout is default one: 43,200 seconds#
#2026 05 08 08:55:50.652#Z#INFO#a05cc58a-4abb-11f1-b3e9-eeee0a988dc4.OPERATION#flowable-async-job-executor-thread-1667#
[ExecuteTaskStep] Executing task "deploy" on application "travel_expense_app-db-deployer"...#
#2026 05 08 08:55:50.668#Z#DEBUG#a05cc58a-4abb-11f1-b3e9-eeee0a988dc4.OPERATION#flowable-async-job-executor-thread-1667#
[ExecuteTaskStep] Running task on application "travel_expense_app-db-deployer": {
  "name" : "deploy",
  "command" : "npm start",
  "limits" : {
    "memory" : 256
  }
}#
#2026 05 08 08:55:50.999#Z#DEBUG#a05cc58a-4abb-11f1-b3e9-eeee0a988dc4.OPERATION#flowable-async-job-executor-thread-1667#
Step "Execute Task" finished#
#2026 05 08 08:55:58.792#Z#DEBUG#a05cc58a-4abb-11f1-b3e9-eeee0a988dc4.OPERATION#flowable-async-job-executor-thread-2488#
[BindServiceToApplicationStep] Executing task "bindServiceToApplicationTask" of process "ad963d0b-4abb-11f1-8e79-eeee0a981393"...#
#2026 05 08 08:55:58.793#Z#DEBUG#a05cc58a-4abb-11f1-b3e9-eeee0a988dc4.OPERATION#flowable-async-job-executor-thread-2488#
[BindServiceToApplicationStep] Getting async job "e8838f3d-959c-4970-8cc6-3b3094d12bfc"#
#2026 05 08 08:55:58.817#Z#DEBUG#a05cc58a-4abb-11f1-b3e9-eeee0a988dc4.OPERATION#flowable-async-job-executor-thread-2488#
[BindServiceToApplicationStep] Getting service instance "travel_expense_app-html5-runtime"...#
#2026 05 08 08:55:58.911#Z#DEBUG#a05cc58a-4abb-11f1-b3e9-eeee0a988dc4.OPERATION#flowable-async-job-executor-thread-2488#
[BindServiceToApplicationStep] Async service binding operation with id "e8838f3d-959c-4970-8cc6-3b3094d12bfc" finished#
#2026 05 08 08:55:58.911#Z#DEBUG#a05cc58a-4abb-11f1-b3e9-eeee0a988dc4.OPERATION#flowable-async-job-executor-thread-2488#
Step "Bind Service to Application" finished#
#2026 05 08 08:55:58.851#Z#DEBUG#a05cc58a-4abb-11f1-b3e9-eeee0a988dc4.OPERATION#flowable-async-job-executor-thread-2481#
[ExecuteTaskStep] Executing task "executeTaskTask" of process "ab0f6a88-4abb-11f1-8e79-eeee0a981393"...#
#2026 05 08 08:55:58.852#Z#DEBUG#a05cc58a-4abb-11f1-b3e9-eeee0a988dc4.OPERATION#flowable-async-job-executor-thread-2481#
[ExecuteTaskStep] Application task execution timeout is default one: 43,200 seconds#
#2026 05 08 08:55:58.853#Z#DEBUG#a05cc58a-4abb-11f1-b3e9-eeee0a988dc4.OPERATION#flowable-async-job-executor-thread-2481#
[ExecuteTaskStep] Getting task "a0f9b5bf-b72d-408b-b859-6d9c3471b9be"...#
#2026 05 08 08:55:58.880#Z#DEBUG#a05cc58a-4abb-11f1-b3e9-eeee0a988dc4.OPERATION#flowable-async-job-executor-thread-2481#
[ExecuteTaskStep] Task execution status: running#
#2026 05 08 08:55:58.881#Z#DEBUG#a05cc58a-4abb-11f1-b3e9-eeee0a988dc4.OPERATION#flowable-async-job-executor-thread-2481#
[ExecuteTaskStep] Getting application guid "travel_expense_app-db-deployer"...#
#2026 05 08 08:55:58.970#Z#DEBUG#a05cc58a-4abb-11f1-b3e9-eeee0a988dc4.OPERATION#flowable-async-job-executor-thread-2481#
Step "Execute Task" finished#
#2026 05 08 08:55:59.177#Z#DEBUG#a05cc58a-4abb-11f1-b3e9-eeee0a988dc4.OPERATION#flowable-async-job-executor-thread-2491#
[BindServiceToApplicationStep] Executing task "bindServiceToApplicationTask" of process "ac569094-4abb-11f1-bd76-eeee0a83fd1e"...#
#2026 05 08 08:55:59.180#Z#DEBUG#a05cc58a-4abb-11f1-b3e9-eeee0a988dc4.OPERATION#flowable-async-job-executor-thread-2491#
[BindServiceToApplicationStep] Getting async job "b87d6f0e-9279-4fba-a33c-8fab98fe9cc9"#
#2026 05 08 08:55:59.203#Z#DEBUG#a05cc58a-4abb-11f1-b3e9-eeee0a988dc4.OPERATION#flowable-async-job-executor-thread-2491#
[BindServiceToApplicationStep] Getting service instance "xsuaa-service"...#
#2026 05 08 08:55:59.327#Z#DEBUG#a05cc58a-4abb-11f1-b3e9-eeee0a988dc4.OPERATION#flowable-async-job-executor-thread-2491#
[BindServiceToApplicationStep] Async service binding operation with id "b87d6f0e-9279-4fba-a33c-8fab98fe9cc9" finished#
#2026 05 08 08:55:59.327#Z#DEBUG#a05cc58a-4abb-11f1-b3e9-eeee0a988dc4.OPERATION#flowable-async-job-executor-thread-2491#
Step "Bind Service to Application" finished#
#2026 05 08 08:55:59.175#Z#DEBUG#a05cc58a-4abb-11f1-b3e9-eeee0a988dc4.OPERATION#flowable-async-job-executor-thread-2490#
[RestartAppStep] Executing task "startAppTask" of process "b6886d5a-4abb-11f1-8e79-eeee0a981393"...#
#2026 05 08 08:55:59.177#Z#DEBUG#a05cc58a-4abb-11f1-b3e9-eeee0a988dc4.OPERATION#flowable-async-job-executor-thread-2490#
[RestartAppStep] Application start timeout is default one: 3,600 seconds#
#2026 05 08 08:55:59.179#Z#DEBUG#a05cc58a-4abb-11f1-b3e9-eeee0a988dc4.OPERATION#flowable-async-job-executor-thread-2490#
[RestartAppStep] Checking status of application "travel_expense_app-srv"...#
#2026 05 08 08:55:59.179#Z#DEBUG#a05cc58a-4abb-11f1-b3e9-eeee0a988dc4.OPERATION#flowable-async-job-executor-thread-2490#
[RestartAppStep] Getting application "travel_expense_app-srv"...#
#2026 05 08 08:55:59.216#Z#DEBUG#a05cc58a-4abb-11f1-b3e9-eeee0a988dc4.OPERATION#flowable-async-job-executor-thread-2490#
[RestartAppStep] Getting instances for application "travel_expense_app-srv"...#
#2026 05 08 08:55:59.271#Z#DEBUG#a05cc58a-4abb-11f1-b3e9-eeee0a988dc4.OPERATION#flowable-async-job-executor-thread-2490#
[RestartAppStep] Application "travel_expense_app-srv": 0 of 1 instances running (1 starting)#
#2026 05 08 08:55:59.343#Z#DEBUG#a05cc58a-4abb-11f1-b3e9-eeee0a988dc4.OPERATION#flowable-async-job-executor-thread-2490#
Step "Start App" finished#
#2026 05 08 08:55:59.457#Z#DEBUG#a05cc58a-4abb-11f1-b3e9-eeee0a988dc4.OPERATION#flowable-async-job-executor-thread-2491#
[DetermineVcapServicesPropertiesChangedStep] Executing task "determineVcapServicesPropertiesChangedTask" of process "bbbafed3-4abb-11f1-8e79-eeee0a981393"...#
#2026 05 08 08:55:59.458#Z#DEBUG#a05cc58a-4abb-11f1-b3e9-eeee0a988dc4.OPERATION#flowable-async-job-executor-thread-2491#
[DetermineVcapServicesPropertiesChangedStep] VCAP_SERVICES properties for application "travel_expense_app" changed: true#
#2026 05 08 08:55:59.458#Z#DEBUG#a05cc58a-4abb-11f1-b3e9-eeee0a988dc4.OPERATION#flowable-async-job-executor-thread-2491#
Step "Determine vcap services properties changed" finished#
#2026 05 08 08:55:59.492#Z#DEBUG#a05cc58a-4abb-11f1-b3e9-eeee0a988dc4.OPERATION#flowable-async-job-executor-thread-2491#
[UploadAppStep] Executing task "uploadAppTask" of process "bbbafed3-4abb-11f1-8e79-eeee0a981393"...#
#2026 05 08 08:55:59.495#Z#DEBUG#a05cc58a-4abb-11f1-b3e9-eeee0a988dc4.OPERATION#flowable-async-job-executor-thread-2491#
[UploadAppStep] Application upload timeout is default one: 3,600 seconds#
#2026 05 08 08:55:59.495#Z#INFO#a05cc58a-4abb-11f1-b3e9-eeee0a988dc4.OPERATION#flowable-async-job-executor-thread-2491#
[UploadAppStep] Uploading application "travel_expense_app"...#
#2026 05 08 08:55:59.514#Z#DEBUG#a05cc58a-4abb-11f1-b3e9-eeee0a988dc4.OPERATION#flowable-async-job-executor-thread-2491#
[UploadAppStep] Getting application "travel_expense_app"...#
#2026 05 08 08:55:59.549#Z#DEBUG#a05cc58a-4abb-11f1-b3e9-eeee0a988dc4.OPERATION#flowable-async-job-executor-thread-2491#
[UploadAppStep] Getting environment of application "c010c0f1-d57e-4fdc-a7bb-0510376a0e4d"...#
#2026 05 08 08:55:59.585#Z#INFO#a05cc58a-4abb-11f1-b3e9-eeee0a988dc4.OPERATION#flowable-async-job-executor-thread-2491#
[UploadAppStep] Calculating application digest: "travel_expense_app"#
#2026 05 08 08:55:59.609#Z#DEBUG#a05cc58a-4abb-11f1-b3e9-eeee0a988dc4.OPERATION#flowable-async-job-executor-thread-2491#
[UploadAppStep] Getting packages for application: "c010c0f1-d57e-4fdc-a7bb-0510376a0e4d"#
#2026 05 08 08:55:59.662#Z#DEBUG#a05cc58a-4abb-11f1-b3e9-eeee0a988dc4.OPERATION#flowable-async-job-executor-thread-2491#
[UploadAppStep] Getting the current droplet for application: "c010c0f1-d57e-4fdc-a7bb-0510376a0e4d"#
#2026 05 08 08:55:59.683#Z#DEBUG#a05cc58a-4abb-11f1-b3e9-eeee0a988dc4.OPERATION#flowable-async-job-executor-thread-2491#
[UploadAppStep] Getting package by id: "82576f88-5235-438e-af51-aa14bcd30419"#
#2026 05 08 08:55:59.704#Z#DEBUG#a05cc58a-4abb-11f1-b3e9-eeee0a988dc4.OPERATION#flowable-async-job-executor-thread-2491#
[UploadAppStep] Getting builds for application "c010c0f1-d57e-4fdc-a7bb-0510376a0e4d"...#
#2026 05 08 08:55:59.774#Z#DEBUG#a05cc58a-4abb-11f1-b3e9-eeee0a988dc4.OPERATION#flowable-async-job-executor-thread-2491#
[UploadAppStep] Getting the current droplet for application: "c010c0f1-d57e-4fdc-a7bb-0510376a0e4d"#
#2026 05 08 08:55:59.803#Z#INFO#a05cc58a-4abb-11f1-b3e9-eeee0a988dc4.OPERATION#flowable-async-job-executor-thread-2491#
[UploadAppStep] Application "travel_expense_app" was not staged correctly during the previous deployment#
#2026 05 08 08:55:59.807#Z#DEBUG#a05cc58a-4abb-11f1-b3e9-eeee0a988dc4.OPERATION#flowable-async-job-executor-thread-2491#
[UploadAppStep] Last build: {
  "metadata" : {
    "guid" : "54417871-f4c0-4aa4-b266-459fbd71d3fa",
    "createdAt" : [ 2026, 5, 8, 7, 18, 37 ],
    "updatedAt" : [ 2026, 5, 8, 7, 22, 44 ]
  },
  "state" : "FAILED",
  "createdBy" : {
    "guid" : "6dca1bce-46df-4dc9-92fc-fe660f654fef",
    "name" : "sharanya.parol@incture.com"
  },
  "packageInfo" : {
    "guid" : "dd761619-afd0-4136-a93e-9b10ab4575c5"
  },
  "error" : "BuildpackCompileFailed - App staging failed in the buildpack compile phase"
}#
#2026 05 08 08:55:59.807#Z#DEBUG#a05cc58a-4abb-11f1-b3e9-eeee0a988dc4.OPERATION#flowable-async-job-executor-thread-2491#
Step "Upload App" finished#
#2026 05 08 08:56:08.924#Z#DEBUG#a05cc58a-4abb-11f1-b3e9-eeee0a988dc4.OPERATION#flowable-async-job-executor-thread-2496#
[RestartAppStep] Executing task "startAppTask" of process "bbb0ec99-4abb-11f1-8e79-eeee0a981393"...#
#2026 05 08 08:56:08.926#Z#DEBUG#a05cc58a-4abb-11f1-b3e9-eeee0a988dc4.OPERATION#flowable-async-job-executor-thread-2496#
[RestartAppStep] Application start timeout is default one: 3,600 seconds#
#2026 05 08 08:56:08.927#Z#DEBUG#a05cc58a-4abb-11f1-b3e9-eeee0a988dc4.OPERATION#flowable-async-job-executor-thread-2496#
[RestartAppStep] Checking status of application "travel_expense_app-srv"...#
#2026 05 08 08:56:08.929#Z#DEBUG#a05cc58a-4abb-11f1-b3e9-eeee0a988dc4.OPERATION#flowable-async-job-executor-thread-2496#
[RestartAppStep] Getting instances for application "travel_expense_app-srv"...#
#2026 05 08 08:56:08.987#Z#DEBUG#a05cc58a-4abb-11f1-b3e9-eeee0a988dc4.OPERATION#flowable-async-job-executor-thread-2496#
[RestartAppStep] Application "travel_expense_app-srv": 1 of 1 instances running (1 running)#
#2026 05 08 08:56:09.052#Z#DEBUG#a05cc58a-4abb-11f1-b3e9-eeee0a988dc4.OPERATION#flowable-async-job-executor-thread-2496#
[RestartAppStep] Getting routes for application "1e9a20a1-f0d4-47be-8c16-07c93e1a57bb"...#
#2026 05 08 08:56:09.094#Z#INFO#a05cc58a-4abb-11f1-b3e9-eeee0a988dc4.OPERATION#flowable-async-job-executor-thread-2496#
[RestartAppStep] Application "travel_expense_app-srv" started and available at "bc857718trial-dev-travel-expense-app-srv.cfapps.us10-001.hana.ondemand.com"#
#2026 05 08 08:56:09.099#Z#DEBUG#a05cc58a-4abb-11f1-b3e9-eeee0a988dc4.OPERATION#flowable-async-job-executor-thread-2496#
Step "Start App" finished#
#2026 05 08 08:56:09.104#Z#DEBUG#a05cc58a-4abb-11f1-b3e9-eeee0a988dc4.OPERATION#flowable-async-job-executor-thread-2495#
[ExecuteTaskStep] Executing task "executeTaskTask" of process "ab0f6a88-4abb-11f1-8e79-eeee0a981393"...#
#2026 05 08 08:56:09.105#Z#DEBUG#a05cc58a-4abb-11f1-b3e9-eeee0a988dc4.OPERATION#flowable-async-job-executor-thread-2495#
[ExecuteTaskStep] Application task execution timeout is default one: 43,200 seconds#
#2026 05 08 08:56:09.106#Z#DEBUG#a05cc58a-4abb-11f1-b3e9-eeee0a988dc4.OPERATION#flowable-async-job-executor-thread-2495#
[ExecuteTaskStep] Getting task "a0f9b5bf-b72d-408b-b859-6d9c3471b9be"...#
#2026 05 08 08:56:09.137#Z#DEBUG#a05cc58a-4abb-11f1-b3e9-eeee0a988dc4.OPERATION#flowable-async-job-executor-thread-2495#
[ExecuteTaskStep] Task execution status: failed#
#2026 05 08 08:56:09.139#Z#DEBUG#a05cc58a-4abb-11f1-b3e9-eeee0a988dc4.OPERATION#flowable-async-job-executor-thread-2495#
[ExecuteTaskStep] Getting application guid "travel_expense_app-db-deployer"...#
#2026 05 08 08:56:09.235#Z#ERROR#a05cc58a-4abb-11f1-b3e9-eeee0a988dc4.OPERATION#flowable-async-job-executor-thread-2495#
[ExecuteTaskStep] Execution of task "deploy" on application "travel_expense_app-db-deployer" failed.
Download the application logs via the dmol command and check them for more information.#
#2026 05 08 08:56:09.239#Z#ERROR#a05cc58a-4abb-11f1-b3e9-eeee0a988dc4.OPERATION#flowable-async-job-executor-thread-2495#
Exception caught#
org.cloudfoundry.multiapps.common.SLException: A step of the process has failed. Retrying it may solve the issue.
	at org.cloudfoundry.multiapps.controller.process.steps.SyncFlowableStep.executeInternal(SyncFlowableStep.java:83)
	at org.cloudfoundry.multiapps.controller.process.steps.SyncFlowableStep.lambda$execute$0(SyncFlowableStep.java:71)
	at org.cloudfoundry.multiapps.controller.core.util.LoggingUtil.logWithCorrelationId(LoggingUtil.java:14)
	at org.cloudfoundry.multiapps.controller.process.steps.SyncFlowableStep.execute(SyncFlowableStep.java:71)
	at org.flowable.engine.impl.delegate.invocation.JavaDelegateInvocation.invoke(JavaDelegateInvocation.java:35)
	at org.flowable.engine.impl.delegate.invocation.DelegateInvocation.proceed(DelegateInvocation.java:32)
	at org.flowable.engine.impl.delegate.invocation.DefaultDelegateInterceptor.handleInvocation(DefaultDelegateInterceptor.java:26)
	at org.flowable.engine.impl.bpmn.behavior.ServiceTaskDelegateExpressionActivityBehavior.execute(ServiceTaskDelegateExpressionActivityBehavior.java:177)
	at org.flowable.engine.impl.agenda.ContinueProcessOperation.executeActivityBehavior(ContinueProcessOperation.java:298)
	at org.flowable.engine.impl.agenda.ContinueProcessOperation.executeSynchronous(ContinueProcessOperation.java:175)
	at org.flowable.engine.impl.agenda.ContinueProcessOperation.continueThroughFlowNode(ContinueProcessOperation.java:125)
	at org.flowable.engine.impl.agenda.ContinueProcessOperation.run(ContinueProcessOperation.java:88)
	at org.flowable.common.engine.impl.AbstractEngineConfiguration.lambda$new$0(AbstractEngineConfiguration.java:198)
	at org.flowable.engine.impl.interceptor.CommandInvoker.executeOperation(CommandInvoker.java:189)
	at org.flowable.engine.impl.interceptor.CommandInvoker.executeOperations(CommandInvoker.java:128)
	at org.flowable.engine.impl.interceptor.CommandInvoker.execute(CommandInvoker.java:80)
	at org.flowable.engine.impl.interceptor.BpmnOverrideContextInterceptor.execute(BpmnOverrideContextInterceptor.java:26)
	at org.flowable.common.engine.impl.interceptor.TransactionContextInterceptor.execute(TransactionContextInterceptor.java:53)
	at org.flowable.common.engine.impl.interceptor.CommandContextInterceptor.execute(CommandContextInterceptor.java:105)
	at org.flowable.common.spring.SpringTransactionInterceptor.lambda$execute$0(SpringTransactionInterceptor.java:57)
	at org.springframework.transaction.support.TransactionTemplate.execute(TransactionTemplate.java:140)
	at org.flowable.common.spring.SpringTransactionInterceptor.execute(SpringTransactionInterceptor.java:57)
	at org.flowable.common.engine.impl.interceptor.LogInterceptor.execute(LogInterceptor.java:30)
	at org.flowable.common.engine.impl.cfg.CommandExecutorImpl.execute(CommandExecutorImpl.java:56)
	at org.flowable.common.engine.impl.cfg.CommandExecutorImpl.execute(CommandExecutorImpl.java:51)
	at org.flowable.job.service.impl.asyncexecutor.ExecuteAsyncRunnable.handleTransactionalJob(ExecuteAsyncRunnable.java:177)
	at org.flowable.job.service.impl.asyncexecutor.ExecuteAsyncRunnable.executeJob(ExecuteAsyncRunnable.java:146)
	at org.flowable.job.service.impl.asyncexecutor.ExecuteAsyncRunnable.runInternally(ExecuteAsyncRunnable.java:122)
	at org.flowable.job.service.impl.asyncexecutor.ExecuteAsyncRunnable.run(ExecuteAsyncRunnable.java:96)
	at java.base/java.util.concurrent.ThreadPoolExecutor.runWorker(ThreadPoolExecutor.java:1090)
	at java.base/java.util.concurrent.ThreadPoolExecutor$Worker.run(ThreadPoolExecutor.java:614)
	at java.base/java.lang.Thread.run(Thread.java:1474)
#2026 05 08 08:56:09.245#Z#DEBUG#a05cc58a-4abb-11f1-b3e9-eeee0a988dc4.OPERATION#flowable-async-job-executor-thread-2495#
Step "Execute Task" finished#
#2026 05 08 08:56:09.303#Z#DEBUG#a05cc58a-4abb-11f1-b3e9-eeee0a988dc4.OPERATION#flowable-async-job-executor-thread-2494#
[UploadAppStep] Executing task "uploadAppTask" of process "bbbafed3-4abb-11f1-8e79-eeee0a981393"...#
#2026 05 08 08:56:09.304#Z#DEBUG#a05cc58a-4abb-11f1-b3e9-eeee0a988dc4.OPERATION#flowable-async-job-executor-thread-2494#
[UploadAppStep] Application upload timeout is default one: 3,600 seconds#
#2026 05 08 08:56:09.375#Z#DEBUG#a05cc58a-4abb-11f1-b3e9-eeee0a988dc4.OPERATION#pool-21-thread-6#
[UploadAppStep] Upload of application: travel_expense_app started on instance: 0#
#2026 05 08 08:56:09.375#Z#DEBUG#a05cc58a-4abb-11f1-b3e9-eeee0a988dc4.OPERATION#pool-21-thread-6#
[UploadAppStep] Uploading file "travel_expense_app/data.zip" for application "travel_expense_app"#
#2026 05 08 08:56:09.406#Z#INFO#a05cc58a-4abb-11f1-b3e9-eeee0a988dc4.OPERATION#pool-21-thread-6#
[UploadAppStep] Time elapsed for app binary download: 30 in millis#
#2026 05 08 08:56:09.406#Z#INFO#a05cc58a-4abb-11f1-b3e9-eeee0a988dc4.OPERATION#pool-21-thread-6#
[UploadAppStep] Size of app travel_expense_app is 879 bytes#
#2026 05 08 08:56:09.406#Z#DEBUG#a05cc58a-4abb-11f1-b3e9-eeee0a988dc4.OPERATION#pool-21-thread-6#
[UploadAppStep] Asynchronously uploading binaries for application "travel_expense_app"...#
#2026 05 08 08:56:09.657#Z#INFO#a05cc58a-4abb-11f1-b3e9-eeee0a988dc4.OPERATION#pool-21-thread-6#
[UploadAppStep] Started async upload of application "travel_expense_app"#
#2026 05 08 08:56:09.661#Z#INFO#a05cc58a-4abb-11f1-b3e9-eeee0a988dc4.OPERATION#flowable-async-job-executor-thread-2494#
[UploadAppStep] Time elapsed for upload: 356 in millis#
#2026 05 08 08:56:09.661#Z#DEBUG#a05cc58a-4abb-11f1-b3e9-eeee0a988dc4.OPERATION#flowable-async-job-executor-thread-2494#
[UploadAppStep] Getting application "travel_expense_app"...#
#2026 05 08 08:56:09.682#Z#DEBUG#a05cc58a-4abb-11f1-b3e9-eeee0a988dc4.OPERATION#App upload monitor: 514d3517-4276-43a8-be1b-a580fc3d004b#
[UploadAppStep] Upload status: PROCESSING_UPLOAD#
#2026 05 08 08:56:09.707#Z#DEBUG#a05cc58a-4abb-11f1-b3e9-eeee0a988dc4.OPERATION#flowable-async-job-executor-thread-2494#
Step "Upload App" finished#
#2026 05 08 08:56:12.144#Z#DEBUG#a05cc58a-4abb-11f1-b3e9-eeee0a988dc4.OPERATION#flowable-async-job-executor-thread-1675#
[ExecuteTaskStep] Executing task "executeTaskTask" of process "ab0f6a88-4abb-11f1-8e79-eeee0a981393"...#
#2026 05 08 08:56:12.148#Z#DEBUG#a05cc58a-4abb-11f1-b3e9-eeee0a988dc4.OPERATION#flowable-async-job-executor-thread-1675#
[ExecuteTaskStep] Application task execution timeout is default one: 43,200 seconds#
#2026 05 08 08:56:12.154#Z#INFO#a05cc58a-4abb-11f1-b3e9-eeee0a988dc4.OPERATION#flowable-async-job-executor-thread-1675#
[ExecuteTaskStep] Executing task "deploy" on application "travel_expense_app-db-deployer"...#
#2026 05 08 08:56:12.162#Z#DEBUG#a05cc58a-4abb-11f1-b3e9-eeee0a988dc4.OPERATION#flowable-async-job-executor-thread-1675#
[ExecuteTaskStep] Running task on application "travel_expense_app-db-deployer": {
  "name" : "deploy",
  "command" : "npm start",
  "limits" : {
    "memory" : 256
  }
}#
#2026 05 08 08:56:12.431#Z#DEBUG#a05cc58a-4abb-11f1-b3e9-eeee0a988dc4.OPERATION#flowable-async-job-executor-thread-1675#
Step "Execute Task" finished#
#2026 05 08 08:56:14.719#Z#DEBUG#a05cc58a-4abb-11f1-b3e9-eeee0a988dc4.OPERATION#App upload monitor: 514d3517-4276-43a8-be1b-a580fc3d004b#
[UploadAppStep] Upload status: READY#
#2026 05 08 08:56:19.101#Z#DEBUG#a05cc58a-4abb-11f1-b3e9-eeee0a988dc4.OPERATION#flowable-async-job-executor-thread-1884#
[RestartAppStep] Executing task "startAppTask" of process "c1816b88-4abb-11f1-8e79-eeee0a981393"...#
#2026 05 08 08:56:19.105#Z#DEBUG#a05cc58a-4abb-11f1-b3e9-eeee0a988dc4.OPERATION#flowable-async-job-executor-thread-1884#
[RestartAppStep] Application start timeout is default one: 3,600 seconds#
#2026 05 08 08:56:19.108#Z#DEBUG#a05cc58a-4abb-11f1-b3e9-eeee0a988dc4.OPERATION#flowable-async-job-executor-thread-1884#
Step "Start App" finished#
#2026 05 08 08:56:19.211#Z#DEBUG#a05cc58a-4abb-11f1-b3e9-eeee0a988dc4.OPERATION#flowable-async-job-executor-thread-1886#
[PrepareToExecuteTasksStep] Executing task "prepareToExecuteTasksTask" of process "c780c280-4abb-11f1-bd76-eeee0a83fd1e"...#
#2026 05 08 08:56:19.213#Z#DEBUG#a05cc58a-4abb-11f1-b3e9-eeee0a988dc4.OPERATION#flowable-async-job-executor-thread-1886#
Step "Prepare To Execute Tasks" finished#
#2026 05 08 08:56:19.293#Z#DEBUG#a05cc58a-4abb-11f1-b3e9-eeee0a988dc4.OPERATION#flowable-async-job-executor-thread-1886#
[PublishConfigurationEntriesStep] Executing task "publishProvidedDependenciesTask" of process "c778fa2a-4abb-11f1-bd76-eeee0a83fd1e"...#
#2026 05 08 08:56:19.294#Z#DEBUG#a05cc58a-4abb-11f1-b3e9-eeee0a988dc4.OPERATION#flowable-async-job-executor-thread-1886#
[PublishConfigurationEntriesStep] Publishing public provided dependencies for application "travel_expense_app-srv"...#
#2026 05 08 08:56:19.295#Z#DEBUG#a05cc58a-4abb-11f1-b3e9-eeee0a988dc4.OPERATION#flowable-async-job-executor-thread-1886#
[PublishConfigurationEntriesStep] No public provided dependencies for publishing#
#2026 05 08 08:56:19.295#Z#DEBUG#a05cc58a-4abb-11f1-b3e9-eeee0a988dc4.OPERATION#flowable-async-job-executor-thread-1886#
Step "Publish Provided Dependencies" finished#
#2026 05 08 08:56:19.343#Z#DEBUG#a05cc58a-4abb-11f1-b3e9-eeee0a988dc4.OPERATION#flowable-async-job-executor-thread-1886#
[CreateOrUpdateServiceBrokerStep] Executing task "createOrUpdateServiceBrokerTask" of process "c778fa2a-4abb-11f1-bd76-eeee0a83fd1e"...#
#2026 05 08 08:56:19.345#Z#DEBUG#a05cc58a-4abb-11f1-b3e9-eeee0a988dc4.OPERATION#flowable-async-job-executor-thread-1886#
[CreateOrUpdateServiceBrokerStep] Creating service brokers...#
#2026 05 08 08:56:19.346#Z#DEBUG#a05cc58a-4abb-11f1-b3e9-eeee0a988dc4.OPERATION#flowable-async-job-executor-thread-1886#
Step "Create Or Update Service Broker " finished#
#2026 05 08 08:56:19.380#Z#DEBUG#a05cc58a-4abb-11f1-b3e9-eeee0a988dc4.OPERATION#flowable-async-job-executor-thread-2504#
[UploadAppStep] Executing task "uploadAppTask" of process "bbbafed3-4abb-11f1-8e79-eeee0a981393"...#
#2026 05 08 08:56:19.381#Z#DEBUG#a05cc58a-4abb-11f1-b3e9-eeee0a988dc4.OPERATION#flowable-async-job-executor-thread-2504#
[UploadAppStep] Application upload timeout is default one: 3,600 seconds#
#2026 05 08 08:56:19.381#Z#DEBUG#a05cc58a-4abb-11f1-b3e9-eeee0a988dc4.OPERATION#flowable-async-job-executor-thread-2504#
[UploadAppStep] Checking upload status of application "travel_expense_app"...#
#2026 05 08 08:56:19.381#Z#DEBUG#a05cc58a-4abb-11f1-b3e9-eeee0a988dc4.OPERATION#flowable-async-job-executor-thread-2504#
[UploadAppStep] Getting package "514d3517-4276-43a8-be1b-a580fc3d004b"...#
#2026 05 08 08:56:19.406#Z#DEBUG#a05cc58a-4abb-11f1-b3e9-eeee0a988dc4.OPERATION#flowable-async-job-executor-thread-2504#
[UploadAppStep] Application "travel_expense_app" uploaded#
#2026 05 08 08:56:19.407#Z#DEBUG#a05cc58a-4abb-11f1-b3e9-eeee0a988dc4.OPERATION#flowable-async-job-executor-thread-2504#
Step "Upload App" finished#
#2026 05 08 08:56:19.512#Z#DEBUG#a05cc58a-4abb-11f1-b3e9-eeee0a988dc4.OPERATION#flowable-async-job-executor-thread-2503#
[ExecuteTaskStep] Executing task "executeTaskTask" of process "ab0f6a88-4abb-11f1-8e79-eeee0a981393"...#
#2026 05 08 08:56:19.513#Z#DEBUG#a05cc58a-4abb-11f1-b3e9-eeee0a988dc4.OPERATION#flowable-async-job-executor-thread-2503#
[ExecuteTaskStep] Application task execution timeout is default one: 43,200 seconds#
#2026 05 08 08:56:19.514#Z#DEBUG#a05cc58a-4abb-11f1-b3e9-eeee0a988dc4.OPERATION#flowable-async-job-executor-thread-2503#
[ExecuteTaskStep] Getting task "92c9a2cf-ca55-456b-9eeb-0649ebf50344"...#
#2026 05 08 08:56:19.541#Z#DEBUG#a05cc58a-4abb-11f1-b3e9-eeee0a988dc4.OPERATION#flowable-async-job-executor-thread-2503#
[ExecuteTaskStep] Task execution status: running#
#2026 05 08 08:56:19.542#Z#DEBUG#a05cc58a-4abb-11f1-b3e9-eeee0a988dc4.OPERATION#flowable-async-job-executor-thread-2503#
[ExecuteTaskStep] Getting application guid "travel_expense_app-db-deployer"...#
#2026 05 08 08:56:19.611#Z#DEBUG#a05cc58a-4abb-11f1-b3e9-eeee0a988dc4.OPERATION#flowable-async-job-executor-thread-2503#
Step "Execute Task" finished#
#2026 05 08 08:56:19.657#Z#DEBUG#a05cc58a-4abb-11f1-b3e9-eeee0a988dc4.OPERATION#flowable-async-job-executor-thread-2494#
[ScaleAppStep] Executing task "scaleAppTask" of process "bbbafed3-4abb-11f1-8e79-eeee0a981393"...#
#2026 05 08 08:56:19.659#Z#DEBUG#a05cc58a-4abb-11f1-b3e9-eeee0a988dc4.OPERATION#flowable-async-job-executor-thread-2494#
[ScaleAppStep] Scaling application "travel_expense_app"...#
#2026 05 08 08:56:19.659#Z#DEBUG#a05cc58a-4abb-11f1-b3e9-eeee0a988dc4.OPERATION#flowable-async-job-executor-thread-2494#
[ScaleAppStep] Getting application guid "travel_expense_app"...#
#2026 05 08 08:56:19.691#Z#DEBUG#a05cc58a-4abb-11f1-b3e9-eeee0a988dc4.OPERATION#flowable-async-job-executor-thread-2494#
[ScaleAppStep] Getting process for application "c010c0f1-d57e-4fdc-a7bb-0510376a0e4d"...#
#2026 05 08 08:56:19.727#Z#DEBUG#a05cc58a-4abb-11f1-b3e9-eeee0a988dc4.OPERATION#flowable-async-job-executor-thread-2494#
[ScaleAppStep] Application "travel_expense_app" scaled#
#2026 05 08 08:56:19.727#Z#DEBUG#a05cc58a-4abb-11f1-b3e9-eeee0a988dc4.OPERATION#flowable-async-job-executor-thread-2494#
Step "Scale App" finished#
#2026 05 08 08:56:19.913#Z#DEBUG#a05cc58a-4abb-11f1-b3e9-eeee0a988dc4.OPERATION#flowable-async-job-executor-thread-2496#
[DetermineDesiredStateAchievingActionsStep] Executing task "determineDesiredStateAchievingActionsTask" of process "bbbafed3-4abb-11f1-8e79-eeee0a981393"...#
#2026 05 08 08:56:19.913#Z#DEBUG#a05cc58a-4abb-11f1-b3e9-eeee0a988dc4.OPERATION#flowable-async-job-executor-thread-2496#
[DetermineDesiredStateAchievingActionsStep] Getting application "travel_expense_app"...#
#2026 05 08 08:56:19.949#Z#DEBUG#a05cc58a-4abb-11f1-b3e9-eeee0a988dc4.OPERATION#flowable-async-job-executor-thread-2496#
[DetermineDesiredStateAchievingActionsStep] Getting instances for application "travel_expense_app"...#
#2026 05 08 08:56:19.989#Z#DEBUG#a05cc58a-4abb-11f1-b3e9-eeee0a988dc4.OPERATION#flowable-async-job-executor-thread-2496#
[DetermineDesiredStateAchievingActionsStep] Getting environment of application "c010c0f1-d57e-4fdc-a7bb-0510376a0e4d"...#
#2026 05 08 08:56:20.046#Z#DEBUG#a05cc58a-4abb-11f1-b3e9-eeee0a988dc4.OPERATION#flowable-async-job-executor-thread-2496#
[DetermineDesiredStateAchievingActionsStep] Current state of application travel_expense_app: STARTED#
#2026 05 08 08:56:20.046#Z#DEBUG#a05cc58a-4abb-11f1-b3e9-eeee0a988dc4.OPERATION#flowable-async-job-executor-thread-2496#
[DetermineDesiredStateAchievingActionsStep] Desired state of application travel_expense_app: STARTED#
#2026 05 08 08:56:20.046#Z#DEBUG#a05cc58a-4abb-11f1-b3e9-eeee0a988dc4.OPERATION#flowable-async-job-executor-thread-2496#
[DetermineDesiredStateAchievingActionsStep] Actions that should be executed on application travel_expense_app: [STOP, STAGE, START]#
#2026 05 08 08:56:20.046#Z#DEBUG#a05cc58a-4abb-11f1-b3e9-eeee0a988dc4.OPERATION#flowable-async-job-executor-thread-2496#
Step "Determine Desired State Achieving Actions" finished#
#2026 05 08 08:56:20.079#Z#DEBUG#a05cc58a-4abb-11f1-b3e9-eeee0a988dc4.OPERATION#flowable-async-job-executor-thread-2496#
[StopAppStep] Executing task "stopAppTask" of process "bbbafed3-4abb-11f1-8e79-eeee0a981393"...#
#2026 05 08 08:56:20.080#Z#INFO#a05cc58a-4abb-11f1-b3e9-eeee0a988dc4.OPERATION#flowable-async-job-executor-thread-2496#
[StopAppStep] Stopping application "travel_expense_app"...#
#2026 05 08 08:56:20.084#Z#DEBUG#a05cc58a-4abb-11f1-b3e9-eeee0a988dc4.OPERATION#flowable-async-job-executor-thread-2496#
[StopAppStep] Stopping application "travel_expense_app"...#
#2026 05 08 08:56:20.238#Z#DEBUG#a05cc58a-4abb-11f1-b3e9-eeee0a988dc4.OPERATION#flowable-async-job-executor-thread-2496#
[StopAppStep] Application "travel_expense_app" stopped#
#2026 05 08 08:56:20.238#Z#DEBUG#a05cc58a-4abb-11f1-b3e9-eeee0a988dc4.OPERATION#flowable-async-job-executor-thread-2496#
[StopAppStep] Getting environment of application "c010c0f1-d57e-4fdc-a7bb-0510376a0e4d"...#
#2026 05 08 08:56:20.269#Z#DEBUG#a05cc58a-4abb-11f1-b3e9-eeee0a988dc4.OPERATION#flowable-async-job-executor-thread-2496#
Step "Stop App" finished#
#2026 05 08 08:56:20.295#Z#DEBUG#a05cc58a-4abb-11f1-b3e9-eeee0a988dc4.OPERATION#flowable-async-job-executor-thread-2496#
[StageAppStep] Executing task "stageAppTask" of process "c829ac8b-4abb-11f1-8e79-eeee0a981393"...#
#2026 05 08 08:56:20.296#Z#DEBUG#a05cc58a-4abb-11f1-b3e9-eeee0a988dc4.OPERATION#flowable-async-job-executor-thread-2496#
[StageAppStep] Application stage timeout is default one: 3,600 seconds#
#2026 05 08 08:56:20.296#Z#INFO#a05cc58a-4abb-11f1-b3e9-eeee0a988dc4.OPERATION#flowable-async-job-executor-thread-2496#
[StageAppStep] Staging application "travel_expense_app"...#
#2026 05 08 08:56:20.300#Z#DEBUG#a05cc58a-4abb-11f1-b3e9-eeee0a988dc4.OPERATION#flowable-async-job-executor-thread-2496#
[StageAppStep] Creating build for package "514d3517-4276-43a8-be1b-a580fc3d004b"...#
#2026 05 08 08:56:20.975#Z#DEBUG#a05cc58a-4abb-11f1-b3e9-eeee0a988dc4.OPERATION#flowable-async-job-executor-thread-2496#
Step "Stage App" finished#
